industry_code,avg_hrly_earnings,total_employment,women_employment,naics_supersector,naics_code,naics_sector_rollup,women_percentage,source
00000000,,144882.0,71873.0,00,000000,00,0.49607956820032856,ces
05000000,25.81,122566.0,59073.0,05,000000,00,0.4819688983894392,ces
06000000,27.09,19718.0,4325.0,06,000000,00,0.21934273252865402,ces
07000000,,125164.0,67548.0,07,000000,00,0.5396759451599501,ces
08000000,25.52,102848.0,54748.0,08,000000,00,0.5323195395146235,ces
10000000,32.12,661.0,99.0,10,000000,00,0.14977307110438728,ces
10113300,21.13,50.7,5.9,10,113300,11,0.11637080867850098,ces
10210000,32.95,610.2,92.6,10,210000,21,0.15175352343493934,ces
10211000,44.25,177.7,48.1,10,211000,21,0.27068092290377044,ces
10212000,29.07,178.7,16.3,10,212000,21,0.09121432568550644,ces
10212100,32.03,48.6,2.8,10,212100,21,0.05761316872427983,ces
10212111,,24.0,,10,212111,21,,ces
10212113,,24.6,,10,212113,21,,ces
10212200,32.84,39.3,3.8,10,212200,21,0.09669211195928754,ces
10212300,25.76,90.8,9.5,10,212300,21,0.10462555066079296,ces
10212310,24.18,41.3,4.2,10,212310,21,0.1016949152542373,ces
10212312,24.99,21.3,2.0,10,212312,21,0.09389671361502347,ces
10212319,23.47,20.1,2.2,10,212319,21,0.10945273631840796,ces
10212320,,37.5,,10,212320,21,,ces
10212321,,27.1,3.0,10,212321,21,0.11070110701107011,ces
10212390,,11.8,,10,212390,21,,ces
10213000,28.56,253.8,28.5,10,213000,21,0.11229314420803782,ces
10213112,27.82,192.6,22.4,10,213112,21,0.11630321910695741,ces
20000000,28.33,6727.0,841.0,20,000000,00,0.12501858183439868,ces
20236000,30.16,1494.3,258.7,20,236000,23,0.1731245399183564,ces
20236100,27.23,746.4,152.0,20,236100,23,0.20364415862808147,ces
20236115,26.87,350.4,71.1,20,236115,23,0.2029109589041096,ces
20236116,,32.5,7.0,20,236116,23,0.2153846153846154,ces
20236117,,35.2,12.1,20,236117,23,0.34374999999999994,ces
20236118,25.53,328.3,62.1,20,236118,23,0.18915625951873286,ces
20236200,32.85,747.9,106.5,20,236200,23,0.14239871640593663,ces
20236210,32.86,159.6,18.9,20,236210,23,0.11842105263157894,ces
20236220,32.84,588.3,87.8,20,236220,23,0.14924358320584735,ces
20237000,29.62,941.1,103.8,20,237000,23,0.11029646158750397,ces
20237100,29.27,471.2,45.7,20,237100,23,0.09698641765704585,ces
20237110,26.35,182.5,17.3,20,237110,23,0.09479452054794521,ces
20237120,32.66,119.7,10.4,20,237120,23,0.08688387635756056,ces
20237130,30.14,169.9,18.1,20,237130,23,0.10653325485579754,ces
20237200,39.69,39.6,19.5,20,237200,23,0.49242424242424243,ces
20237300,28.78,323.6,28.6,20,237300,23,0.08838071693448701,ces
20237900,30.81,106.0,10.4,20,237900,23,0.09811320754716982,ces
20238000,27.35,4291.6,478.5,20,238000,23,0.11149687762139994,ces
20238001,,1865.9,,20,238001,23,,ces
20238002,,2425.7,,20,238002,23,,ces
20238100,25.24,850.7,73.5,20,238100,23,0.08639943575878688,ces
20238110,24.97,213.5,15.0,20,238110,23,0.0702576112412178,ces
20238120,30.37,80.2,5.2,20,238120,23,0.06483790523690773,ces
20238130,22.37,77.2,4.2,20,238130,23,0.054404145077720206,ces
20238140,24.31,148.9,10.1,20,238140,23,0.06783075889858965,ces
20238150,27.5,64.0,8.1,20,238150,23,0.1265625,ces
20238160,25.03,187.6,21.4,20,238160,23,0.1140724946695096,ces
20238170,23.12,36.8,5.7,20,238170,23,0.1548913043478261,ces
20238190,23.8,44.1,3.9,20,238190,23,0.08843537414965986,ces
20238200,29.14,2036.6,244.0,20,238200,23,0.11980752234115684,ces
20238210,29.99,867.2,93.9,20,238210,23,0.10827952029520295,ces
20238220,28.29,1032.9,136.0,20,238220,23,0.13166811888856617,ces
20238290,30.07,137.6,13.9,20,238290,23,0.10101744186046513,ces
20238300,26.07,768.2,93.1,20,238300,23,0.1211923978130695,ces
20238310,27.89,233.7,17.4,20,238310,23,0.07445442875481387,ces
20238320,23.24,195.8,24.3,20,238320,23,0.12410623084780388,ces
20238330,25.01,72.7,13.6,20,238330,23,0.18707015130674,ces
20238340,25.85,54.0,7.2,20,238340,23,0.13333333333333333,ces
20238350,25.51,137.4,19.0,20,238350,23,0.13828238719068414,ces
20238390,30.09,78.0,11.9,20,238390,23,0.15256410256410258,ces
20238900,25.96,631.3,68.2,20,238900,23,0.10803104704577857,ces
20238910,26.34,314.0,30.3,20,238910,23,0.09649681528662421,ces
20238990,25.72,316.0,37.6,20,238990,23,0.11898734177215191,ces
23252000,30.66,,,23,252000,25,,ces
30000000,26.16,12330.0,3385.0,30,000000,00,0.27453365774533656,ces
31000000,27.46,7693.0,1805.0,31,000000,00,0.23462888340049395,ces
31321000,19.55,391.3,57.3,31,321000,32,0.14643496038844875,ces
31321100,19.69,90.9,6.9,31,321100,32,0.07590759075907591,ces
31321200,19.27,79.4,10.1,31,321200,32,0.12720403022670024,ces
31321212,,30.3,,31,321212,32,,ces
31321214,,49.3,,31,321214,32,,ces
31321900,19.57,221.0,40.4,31,321900,32,0.18280542986425338,ces
31321910,20.64,99.0,20.7,31,321910,32,0.20909090909090908,ces
31321911,23.53,49.5,12.7,31,321911,32,0.25656565656565655,ces
31321918,17.66,49.4,7.8,31,321918,32,0.15789473684210525,ces
31321920,17.79,60.0,8.3,31,321920,32,0.13833333333333334,ces
31321990,19.76,61.8,11.6,31,321990,32,0.18770226537216828,ces
31327000,23.6,408.0,66.2,31,327000,32,0.16225490196078432,ces
31327100,,39.4,11.5,31,327100,32,0.2918781725888325,ces
31327200,,86.5,20.9,31,327200,32,0.24161849710982658,ces
31327212,,27.4,,31,327212,32,,ces
31327215,,59.3,,31,327215,32,,ces
31327300,24.27,191.4,16.1,31,327300,32,0.08411703239289446,ces
31327320,24.1,94.3,7.7,31,327320,32,0.08165429480381761,ces
31327390,24.47,97.0,8.4,31,327390,32,0.0865979381443299,ces
31327900,21.87,90.7,17.6,31,327900,32,0.1940463065049614,ces
31331000,26.16,375.4,50.7,31,331000,33,0.13505594033031434,ces
31331100,,83.2,,31,331100,33,,ces
31331200,26.15,55.3,6.6,31,331200,33,0.11934900542495479,ces
31331300,,59.2,,31,331300,33,,ces
31331400,28.13,62.0,9.9,31,331400,33,0.15967741935483873,ces
31331500,23.26,115.8,17.0,31,331500,33,0.14680483592400692,ces
31331510,,61.0,,31,331510,33,,ces
31331511,,35.5,,31,331511,33,,ces
31331520,,54.8,,31,331520,33,,ces
31332000,24.14,1418.6,252.6,31,332000,33,0.17806287889468492,ces
31332100,24.35,98.7,18.1,31,332100,33,0.1833839918946302,ces
31332200,,38.6,,31,332200,33,,ces
31332300,22.98,364.6,,31,332300,33,,ces
31332310,23.94,159.6,,31,332310,33,,ces
31332312,24.26,86.9,,31,332312,33,,ces
31332313,,72.9,,31,332313,33,,ces
31332320,22.17,205.9,33.5,31,332320,33,0.16270033997085964,ces
31332321,,62.2,13.6,31,332321,33,0.21864951768488744,ces
31332322,22.74,104.4,15.6,31,332322,33,0.14942528735632182,ces
31332323,,39.2,4.3,31,332323,33,0.10969387755102039,ces
31332400,25.89,90.6,12.7,31,332400,33,0.1401766004415011,ces
31332600,,68.5,,31,332600,33,,ces
31332700,24.05,350.0,52.8,31,332700,33,0.15085714285714286,ces
31332710,23.95,270.9,36.8,31,332710,33,0.135843484680694,ces
31332720,24.39,79.2,15.9,31,332720,33,0.20075757575757575,ces
31332721,,39.9,,31,332721,33,,ces
31332722,,39.2,,31,332722,33,,ces
31332800,20.6,134.9,30.2,31,332800,33,0.22386953298739806,ces
31332812,20.75,75.6,16.2,31,332812,33,0.2142857142857143,ces
31332813,20.53,59.4,14.1,31,332813,33,0.23737373737373738,ces
31332900,27.14,270.4,59.1,31,332900,33,0.21856508875739647,ces
31332910,27.09,86.3,21.4,31,332910,33,0.24797219003476245,ces
31332912,,34.8,,31,332912,33,,ces
31332919,,51.6,,31,332919,33,,ces
31332990,27.02,184.3,37.7,31,332990,33,0.20455778621812262,ces
31332994,,45.4,,31,332994,33,,ces
31332999,,138.7,,31,332999,33,,ces
31333000,27.95,1074.6,216.3,31,333000,33,0.20128419877163597,ces
31333100,26.74,203.1,34.6,31,333100,33,0.17035942885278188,ces
31333110,,78.0,,31,333110,33,,ces
31333111,28.3,60.0,10.9,31,333111,33,0.18166666666666667,ces
31333120,,65.6,,31,333120,33,,ces
31333130,,59.5,,31,333130,33,,ces
31333200,31.26,114.0,20.8,31,333200,33,0.1824561403508772,ces
31333300,31.44,90.1,24.0,31,333300,33,0.2663706992230855,ces
31333400,23.37,128.9,34.7,31,333400,33,0.2692009309542281,ces
31333415,,85.2,,31,333415,33,,ces
31333500,26.82,179.8,28.8,31,333500,33,0.16017797552836485,ces
31333511,,39.8,,31,333511,33,,ces
31333514,26.63,62.2,8.2,31,333514,33,0.13183279742765272,ces
31333517,,40.3,6.3,31,333517,33,0.15632754342431762,ces
31333519,,37.5,,31,333519,33,,ces
31333600,31.42,98.4,22.2,31,333600,33,0.22560975609756095,ces
31333900,28.05,260.0,51.2,31,333900,33,0.19692307692307692,ces
31333910,,49.1,10.0,31,333910,33,0.20366598778004072,ces
31333920,26.27,78.3,11.3,31,333920,33,0.1443167305236271,ces
31333990,,132.6,29.9,31,333990,33,0.22549019607843138,ces
31334000,35.78,1043.1,341.3,31,334000,33,0.3271977758604161,ces
31334100,39.17,163.8,50.0,31,334100,33,0.3052503052503052,ces
31334111,,106.4,,31,334111,33,,ces
31334118,,57.5,,31,334118,33,,ces
31334200,34.6,85.2,25.6,31,334200,33,0.3004694835680751,ces
31334210,,18.3,,31,334210,33,,ces
31334220,,49.4,14.7,31,334220,33,0.2975708502024291,ces
31334400,31.84,364.1,124.8,31,334400,33,0.3427629772040648,ces
31334412,,28.2,,31,334412,33,,ces
31334413,42.92,180.9,47.9,31,334413,33,0.2647871752349364,ces
31334418,,56.5,,31,334418,33,,ces
31334419,26.65,98.1,38.8,31,334419,33,0.39551478083588176,ces
31334500,37.96,394.6,127.5,31,334500,33,0.3231120121642169,ces
31334510,,63.5,,31,334510,33,,ces
31334511,,122.1,,31,334511,33,,ces
31334513,33.96,58.7,17.3,31,334513,33,0.29471890971039183,ces
31334515,,37.9,,31,334515,33,,ces
31334519,,112.3,,31,334519,33,,ces
31334600,,35.5,,31,334600,33,,ces
31335000,26.17,382.1,116.5,31,335000,33,0.3048940068045014,ces
31335100,,48.0,,31,335100,33,,ces
31335200,,64.5,,31,335200,33,,ces
31335300,27.23,137.4,37.4,31,335300,33,0.27219796215429404,ces
31335311,,25.9,,31,335311,33,,ces
31335312,,35.2,,31,335312,33,,ces
31335314,,76.5,,31,335314,33,,ces
31335900,26.3,131.9,40.0,31,335900,33,0.3032600454890068,ces
31335910,,28.6,,31,335910,33,,ces
31335930,,43.0,,31,335930,33,,ces
31335990,,60.2,,31,335990,33,,ces
31336000,30.44,1621.3,372.9,31,336000,33,0.23000061678899647,ces
31336001,25.4,937.6,238.8,31,336001,33,0.2546928327645051,ces
31336100,32.28,208.7,44.4,31,336100,33,0.21274556780067083,ces
31336110,,180.6,,31,336110,33,,ces
31336111,,116.0,,31,336111,33,,ces
31336112,,65.2,,31,336112,33,,ces
31336120,,27.9,,31,336120,33,,ces
31336200,20.97,151.4,26.4,31,336200,33,0.17437252311756934,ces
31336211,20.74,57.5,10.9,31,336211,33,0.18956521739130436,ces
31336214,,93.9,,31,336214,33,,ces
31336300,23.75,578.2,167.7,31,336300,33,0.2900380491179522,ces
31336310,25.75,65.9,17.5,31,336310,33,0.26555386949924126,ces
31336320,21.76,59.9,23.0,31,336320,33,0.38397328881469117,ces
31336330,,39.5,,31,336330,33,,ces
31336340,,24.0,,31,336340,33,,ces
31336350,,78.7,19.9,31,336350,33,0.25285895806861497,ces
31336360,,73.0,,31,336360,33,,ces
31336370,25.17,85.3,20.2,31,336370,33,0.23681125439624853,ces
31336390,22.22,152.3,40.8,31,336390,33,0.26789231779382794,ces
31336400,42.76,488.1,102.1,31,336400,33,0.20917844703954105,ces
31336411,45.03,231.2,,31,336411,33,,ces
31336412,,77.8,,31,336412,33,,ces
31336413,,106.7,,31,336413,33,,ces
31336419,,72.4,,31,336419,33,,ces
31336600,,134.4,19.6,31,336600,33,0.14583333333333334,ces
31336611,,97.7,,31,336611,33,,ces
31336612,,36.6,,31,336612,33,,ces
31336900,,60.7,12.6,31,336900,33,0.2075782537067545,ces
31337000,20.84,387.8,91.4,31,337000,33,0.23568849922640536,ces
31337100,19.47,245.3,59.5,31,337100,33,0.24256013045250713,ces
31337110,20.76,115.7,22.4,31,337110,33,0.1936041486603284,ces
31337120,18.28,129.8,37.3,31,337120,33,0.2873651771956856,ces
31337121,17.49,62.6,21.1,31,337121,33,0.33706070287539935,ces
31337122,,32.7,,31,337122,33,,ces
31337127,,34.5,,31,337127,33,,ces
31337200,,103.9,,31,337200,33,,ces
31337212,,39.1,,31,337212,33,,ces
31337214,,22.3,,31,337214,33,,ces
31337215,21.35,43.3,7.8,31,337215,33,0.18013856812933027,ces
31337900,,37.3,,31,337900,33,,ces
31339000,25.11,591.2,237.8,31,339000,33,0.40223274695534506,ces
31339100,27.17,308.2,139.1,31,339100,33,0.45133030499675536,ces
31339112,,119.2,,31,339112,33,,ces
31339113,25.46,102.0,47.3,31,339113,33,0.4637254901960784,ces
31339116,23.05,46.0,21.4,31,339116,33,0.4652173913043478,ces
31339900,22.83,283.5,98.7,31,339900,33,0.34814814814814815,ces
31339910,,26.4,,31,339910,33,,ces
31339920,,43.4,,31,339920,33,,ces
31339950,22.17,76.0,20.4,31,339950,33,0.26842105263157895,ces
31339990,23.78,137.4,48.2,31,339990,33,0.3508005822416303,ces
32000000,23.95,4637.0,1580.0,32,000000,00,0.34073754582704335,ces
32311000,20.18,1564.1,578.4,32,311000,31,0.36979732753660255,ces
32311100,,58.1,,32,311100,31,,ces
32311200,,59.7,,32,311200,31,,ces
32311220,,47.1,,32,311220,31,,ces
32311230,,12.5,,32,311230,31,,ces
32311300,22.08,76.3,31.9,32,311300,31,0.418086500655308,ces
32311350,,40.3,,32,311350,31,,ces
32311400,21.23,172.2,70.4,32,311400,31,0.40882694541231135,ces
32311410,18.93,91.3,41.0,32,311410,31,0.4490690032858708,ces
32311411,,32.3,,32,311411,31,,ces
32311412,,59.2,,32,311412,31,,ces
32311420,23.38,81.5,29.5,32,311420,31,0.3619631901840491,ces
32311500,25.42,141.2,42.7,32,311500,31,0.3024079320113315,ces
32311511,,54.8,,32,311511,31,,ces
32311600,16.88,496.2,,32,311600,31,,ces
32311611,18.02,134.9,,32,311611,31,,ces
32311613,19.22,130.6,,32,311613,31,,ces
32311615,14.91,230.8,,32,311615,31,,ces
32311700,17.39,41.7,,32,311700,31,,ces
32311800,19.13,305.1,,32,311800,31,,ces
32311810,18.54,230.6,,32,311810,31,,ces
32311811,13.79,83.6,,32,311811,31,,ces
32311813,20.56,146.9,,32,311813,31,,ces
32311830,20.72,75.0,,32,311830,31,,ces
32311900,23.22,209.4,,32,311900,31,,ces
32311910,,55.9,,32,311910,31,,ces
32311990,,154.1,,32,311990,31,,ces
32313000,19.92,112.9,41.3,32,313000,31,0.3658104517271922,ces
32313100,,29.0,,32,313100,31,,ces
32313200,22.68,52.6,18.2,32,313200,31,0.3460076045627376,ces
32313210,,26.4,,32,313210,31,,ces
32313300,,31.2,,32,313300,31,,ces
32314000,16.94,114.5,60.6,32,314000,31,0.5292576419213973,ces
32314100,,51.6,26.1,32,314100,31,0.5058139534883721,ces
32314900,,63.7,34.6,32,314900,31,0.543171114599686,ces
32314910,,23.5,,32,314910,31,,ces
32314990,,40.2,,32,314990,31,,ces
32315000,17.78,130.7,83.7,32,315000,31,0.6403978576893651,ces
32315200,,105.7,68.4,32,315200,31,0.6471144749290445,ces
32315210,,40.0,,32,315210,31,,ces
32315280,,65.9,,32,315280,31,,ces
32315900,,24.9,15.2,32,315900,31,0.6104417670682731,ces
32322000,26.76,368.8,80.0,32,322000,32,0.21691973969631237,ces
32322100,30.2,99.3,14.8,32,322100,32,0.149043303121853,ces
32322120,,69.2,,32,322120,32,,ces
32322130,,30.1,,32,322130,32,,ces
32322200,25.56,269.6,65.2,32,322200,32,0.24183976261127596,ces
32322210,23.92,147.6,29.2,32,322210,32,0.1978319783197832,ces
32322211,24.41,92.8,16.0,32,322211,32,0.1724137931034483,ces
32322219,,54.9,,32,322219,32,,ces
32322220,26.78,59.3,17.8,32,322220,32,0.30016863406408095,ces
32322290,,62.7,,32,322290,32,,ces
32323000,23.06,444.1,173.3,32,323000,32,0.3902274262553479,ces
32323110,,420.2,,32,323110,32,,ces
32323113,,76.4,,32,323113,32,,ces
32323117,,343.8,,32,323117,32,,ces
32323120,,24.4,,32,323120,32,,ces
32324000,42.14,111.9,18.9,32,324000,32,0.1689008042895442,ces
32324110,,69.9,11.5,32,324110,32,0.16452074391988553,ces
32324190,,42.1,7.5,32,324190,32,0.17814726840855105,ces
32325000,32.23,811.5,250.6,32,325000,32,0.30881084411583487,ces
32325100,35.03,147.2,29.0,32,325100,32,0.1970108695652174,ces
32325130,,57.3,,32,325130,32,,ces
32325180,,38.0,,32,325180,32,,ces
32325190,,51.0,,32,325190,32,,ces
32325200,,92.2,18.1,32,325200,32,0.1963123644251627,ces
32325211,,56.6,,32,325211,32,,ces
32325300,,36.7,,32,325300,32,,ces
32325400,36.58,288.5,123.3,32,325400,32,0.42738301559792025,ces
32325412,,204.3,,32,325412,32,,ces
32325414,,84.5,,32,325414,32,,ces
32325500,,63.1,,32,325500,32,,ces
32325510,,39.7,,32,325510,32,,ces
32325600,25.47,105.9,45.2,32,325600,32,0.42681775259678945,ces
32325610,,52.3,,32,325610,32,,ces
32325620,,53.8,,32,325620,32,,ces
32325900,29.12,79.3,19.1,32,325900,32,0.24085750315258514,ces
32326000,21.29,699.6,204.0,32,326000,32,0.2915951972555746,ces
32326100,21.54,567.1,169.7,32,326100,32,0.2992417563040028,ces
32326110,23.12,89.9,18.9,32,326110,32,0.21023359288097884,ces
32326113,,38.7,,32,326113,32,,ces
32326120,,51.2,11.2,32,326120,32,0.21874999999999997,ces
32326150,21.15,65.2,21.0,32,326150,32,0.3220858895705521,ces
32326160,,50.3,15.0,32,326160,32,0.29821073558648115,ces
32326190,20.81,310.9,103.4,32,326190,32,0.33258282405918305,ces
32326200,20.31,132.4,34.1,32,326200,32,0.25755287009063443,ces
32326210,,55.1,,32,326210,32,,ces
32326290,,77.0,,32,326290,32,,ces
32329000,24.39,279.2,90.1,32,329000,32,0.3227077363896848,ces
32329100,,236.1,,32,329100,32,,ces
32329110,,98.9,,32,329110,32,,ces
32329111,,76.3,,32,329111,32,,ces
32329140,,137.2,,32,329140,32,,ces
32329900,,42.1,,32,329900,32,,ces
40000000,22.45,27322.0,11110.0,40,000000,00,0.4066320181538687,ces
41420000,29.73,5877.5,1740.8,41,420000,42,0.2961803487877499,ces
41423000,29.69,2930.7,775.4,41,423000,42,0.2645784283618248,ces
41423100,23.84,333.1,68.7,41,423100,42,0.2062443710597418,ces
41423110,25.91,117.4,25.5,41,423110,42,0.217206132879046,ces
41423120,23.42,164.6,35.3,41,423120,42,0.21445929526123936,ces
41423200,26.14,107.3,46.7,41,423200,42,0.43522833178005593,ces
41423210,,46.6,,41,423210,42,,ces
41423220,,60.7,,41,423220,42,,ces
41423300,25.7,219.3,40.5,41,423300,42,0.1846785225718194,ces
41423310,25.67,104.8,19.5,41,423310,42,0.18606870229007635,ces
41423320,25.27,55.7,12.3,41,423320,42,0.22082585278276481,ces
41423390,25.86,58.7,8.6,41,423390,42,0.14650766609880747,ces
41423400,37.69,620.8,214.3,41,423400,42,0.3451997422680413,ces
41423420,31.64,86.2,22.4,41,423420,42,0.25986078886310904,ces
41423430,46.9,218.2,65.0,41,423430,42,0.29789184234647115,ces
41423450,34.48,200.3,83.7,41,423450,42,0.41787319021467795,ces
41423490,30.0,116.2,42.8,41,423490,42,0.36833046471600683,ces
41423500,26.87,122.6,24.6,41,423500,42,0.20065252854812402,ces
41423600,33.49,330.5,96.7,41,423600,42,0.2925869894099849,ces
41423610,31.02,162.8,38.7,41,423610,42,0.23771498771498772,ces
41423690,35.83,167.4,58.5,41,423690,42,0.3494623655913978,ces
41423700,27.96,247.2,60.2,41,423700,42,0.2435275080906149,ces
41423710,27.41,80.0,24.3,41,423710,42,0.30375,ces
41423720,27.4,94.1,20.8,41,423720,42,0.22104144527098832,ces
41423740,29.4,72.8,15.2,41,423740,42,0.2087912087912088,ces
41423800,28.59,669.4,134.5,41,423800,42,0.2009262025694652,ces
41423810,30.03,88.3,14.3,41,423810,42,0.16194790486976218,ces
41423820,24.45,102.9,15.9,41,423820,42,0.15451895043731778,ces
41423830,30.51,302.9,59.7,41,423830,42,0.19709475074281943,ces
41423840,26.19,88.5,22.4,41,423840,42,0.25310734463276835,ces
41423850,24.83,55.6,15.7,41,423850,42,0.2823741007194244,ces
41423860,31.7,31.9,6.8,41,423860,42,0.21316614420062696,ces
41423900,24.81,283.6,88.7,41,423900,42,0.3127644569816643,ces
41423910,25.69,51.8,18.6,41,423910,42,0.35907335907335913,ces
41423930,20.76,97.1,15.3,41,423930,42,0.15756951596292484,ces
41423940,30.43,41.7,24.6,41,423940,42,0.5899280575539568,ces
41423990,26.44,93.2,30.7,41,423990,42,0.3293991416309013,ces
41424000,25.43,2051.1,662.2,41,424000,42,0.3228511530398323,ces
41424100,28.63,120.8,44.4,41,424100,42,0.3675496688741722,ces
41424120,,63.0,26.0,41,424120,42,0.4126984126984127,ces
41424130,,57.8,18.2,41,424130,42,0.314878892733564,ces
41424200,33.81,202.9,110.5,41,424200,42,0.5446032528339083,ces
41424300,26.67,151.2,88.3,41,424300,42,0.5839947089947091,ces
41424330,,77.0,,41,424330,42,,ces
41424400,23.37,758.4,200.7,41,424400,42,0.26463607594936706,ces
41424410,24.58,239.9,58.2,41,424410,42,0.24260108378491038,ces
41424480,20.1,97.4,30.1,41,424480,42,0.30903490759753593,ces
41424500,21.65,73.0,17.2,41,424500,42,0.2356164383561644,ces
41424510,21.68,47.8,9.5,41,424510,42,0.198744769874477,ces
41424600,29.44,127.6,33.4,41,424600,42,0.2617554858934169,ces
41424700,26.72,96.2,25.7,41,424700,42,0.26715176715176714,ces
41424800,26.59,196.0,31.0,41,424800,42,0.15816326530612246,ces
41424810,,111.7,,41,424810,42,,ces
41424820,,84.2,,41,424820,42,,ces
41424900,21.72,322.0,111.0,41,424900,42,0.3447204968944099,ces
41424910,21.73,116.4,28.5,41,424910,42,0.24484536082474226,ces
41424920,,38.6,,41,424920,42,,ces
41424930,17.59,46.0,18.7,41,424930,42,0.40652173913043477,ces
41424990,,121.3,,41,424990,42,,ces
41425000,40.02,895.7,301.3,41,425000,42,0.3363849503181869,ces
41425110,32.94,34.1,10.5,41,425110,42,0.30791788856304986,ces
41425120,40.32,861.7,290.5,41,425120,42,0.33712428919577575,ces
42000000,17.91,15887.4,8009.2,42,000000,00,0.5041227639513073,ces
42441000,23.15,1988.6,374.9,42,441000,44,0.1885245901639344,ces
42441100,25.46,1288.2,259.3,42,441100,44,0.20128861977953735,ces
42441110,26.17,1125.2,220.9,42,441110,44,0.19632065410593671,ces
42441120,20.47,164.4,38.7,42,441120,44,0.23540145985401462,ces
42441200,20.44,150.7,34.5,42,441200,44,0.22893165228931653,ces
42441210,,43.6,,42,441210,44,,ces
42441220,,107.2,,42,441220,44,,ces
42441300,18.38,549.8,81.1,42,441300,44,0.14750818479447073,ces
42441310,18.62,367.6,65.0,42,441310,44,0.17682263329706202,ces
42441320,17.93,182.4,16.3,42,441320,44,0.0893640350877193,ces
42442000,20.43,477.1,224.1,42,442000,44,0.46971284845944244,ces
42442100,21.1,227.8,89.8,42,442100,44,0.39420544337137836,ces
42442200,19.71,248.6,134.5,42,442200,44,0.5410297666934836,ces
42442210,22.6,71.2,23.3,42,442210,44,0.32724719101123595,ces
42442290,18.13,177.7,112.5,42,442290,44,0.6330894766460327,ces
42443000,23.93,530.2,176.2,42,443000,44,0.33232742361373063,ces
42443141,19.42,56.3,17.7,42,443141,44,0.31438721136767317,ces
42443142,24.44,472.5,157.6,42,443142,44,0.33354497354497353,ces
42444000,17.37,1279.1,421.2,42,444000,44,0.32929403486826675,ces
42444100,17.34,1119.4,368.8,42,444100,44,0.3294622118992317,ces
42444110,16.51,694.7,251.1,42,444110,44,0.3614509860371383,ces
42444120,,39.6,,42,444120,44,,ces
42444130,15.79,153.1,51.3,42,444130,44,0.3350751143043762,ces
42444190,,231.7,,42,444190,44,,ces
42444200,17.5,158.9,52.8,42,444200,44,0.3322844556324732,ces
42444210,19.24,32.5,6.4,42,444210,44,0.19692307692307692,ces
42444220,17.13,126.2,46.4,42,444220,44,0.3676703645007924,ces
42445000,14.52,3096.2,1528.5,42,445000,44,0.4936696595827143,ces
42445100,14.43,2711.2,1353.1,42,445100,44,0.4990778990852759,ces
42445110,14.61,2543.8,1264.8,42,445110,44,0.49720890007076024,ces
42445120,11.6,167.3,87.8,42,445120,44,0.5248057381948594,ces
42445200,14.74,228.7,116.8,42,445200,44,0.5107127240926979,ces
42445220,14.97,67.4,27.5,42,445220,44,0.40801186943620177,ces
42445230,,39.6,,42,445230,44,,ces
42445290,,121.3,,42,445290,44,,ces
42445300,15.79,157.1,59.0,42,445300,44,0.37555697008274985,ces
42446000,21.87,1051.8,725.1,42,446000,44,0.6893896177980605,ces
42446110,23.4,729.0,496.8,42,446110,44,0.6814814814814815,ces
42446120,17.13,139.8,116.5,42,446120,44,0.8333333333333333,ces
42446130,19.39,75.1,51.5,42,446130,44,0.685752330226365,ces
42446190,18.65,107.8,60.1,42,446190,44,0.5575139146567718,ces
42446191,,50.4,,42,446191,44,,ces
42446199,,57.5,,42,446199,44,,ces
42447000,12.89,932.4,529.7,42,447000,44,0.5681038181038182,ces
42447110,12.75,824.3,486.2,42,447110,44,0.5898337983743783,ces
42447190,13.89,107.1,42.9,42,447190,44,0.4005602240896359,ces
42448000,16.8,1351.8,996.7,42,448000,44,0.7373132120136116,ces
42448100,15.97,992.7,773.0,42,448100,44,0.7786843960914677,ces
42448110,19.66,48.6,22.8,42,448110,44,0.4691358024691358,ces
42448120,15.59,284.9,256.1,42,448120,44,0.898911898911899,ces
42448130,,74.6,,42,448130,44,,ces
42448140,15.52,412.9,289.4,42,448140,44,0.7008961007507871,ces
42448150,15.87,54.0,43.9,42,448150,44,0.8129629629629629,ces
42448190,,117.8,,42,448190,44,,ces
42448200,17.6,217.1,131.3,42,448200,44,0.6047904191616768,ces
42448300,20.2,138.2,91.4,42,448300,44,0.6613603473227208,ces
42451000,16.68,618.7,260.7,42,451000,45,0.42136738322288664,ces
42451100,16.76,531.3,208.3,42,451100,45,0.3920572181441747,ces
42451110,17.27,294.4,104.1,42,451110,45,0.35360054347826086,ces
42451120,14.41,164.7,80.1,42,451120,45,0.48633879781420764,ces
42451130,,42.9,,42,451130,45,,ces
42451140,,31.8,,42,451140,45,,ces
42451200,16.31,83.4,51.6,42,451200,45,0.618705035971223,ces
42452000,15.28,3188.6,2043.8,42,452000,45,0.6409709590415856,ces
42452100,,1314.8,,42,452100,45,,ces
42452111,,476.6,,42,452111,45,,ces
42452112,,837.4,,42,452112,45,,ces
42452900,,1873.9,,42,452900,45,,ces
42452910,,1458.8,,42,452910,45,,ces
42452990,,415.3,,42,452990,45,,ces
42453000,16.72,833.2,496.4,42,453000,45,0.5957753240518482,ces
42453100,13.04,61.5,44.3,42,453100,45,0.7203252032520324,ces
42453200,17.67,272.0,166.7,42,453200,45,0.6128676470588235,ces
42453210,20.67,112.1,44.6,42,453210,45,0.3978590544157003,ces
42453220,15.07,160.5,122.2,42,453220,45,0.7613707165109035,ces
42453300,14.45,175.3,113.2,42,453300,45,0.645750142612664,ces
42453900,17.81,325.4,173.4,42,453900,45,0.5328826060233559,ces
42453910,16.7,117.5,72.5,42,453910,45,0.6170212765957447,ces
42453920,,15.8,,42,453920,45,,ces
42453990,,191.4,,42,453990,45,,ces
42454000,25.79,539.7,236.2,42,454000,45,0.4376505465999629,ces
42454100,27.22,363.9,181.4,42,454100,45,0.4984885957680682,ces
42454112,30.12,235.6,108.0,42,454112,45,0.45840407470288624,ces
42454113,21.86,127.6,73.6,42,454113,45,0.5768025078369906,ces
42454200,,39.9,11.3,42,454200,45,0.28320802005012535,ces
42454300,,135.6,43.6,42,454300,45,0.32153392330383485,ces
42454310,,73.6,18.7,42,454310,45,0.25407608695652173,ces
42454390,,61.7,25.1,42,454390,45,0.406807131280389,ces
43000000,23.41,5001.0,1230.7,43,000000,00,0.24609078184363128,ces
43481000,34.17,478.6,156.6,43,481000,48,0.32720434600919346,ces
43481100,,436.2,,43,481100,48,,ces
43481200,,41.6,,43,481200,48,,ces
43482000,,213.2,,43,482000,48,,ces
43483000,,66.0,15.0,43,483000,48,0.22727272727272727,ces
43484000,22.75,1454.4,204.5,43,484000,48,0.1406078107810781,ces
43484100,23.07,1002.4,142.0,43,484100,48,0.14166001596169195,ces
43484110,21.63,243.3,33.7,43,484110,48,0.1385121249486231,ces
43484120,23.53,758.3,108.5,43,484120,48,0.14308321244889885,ces
43484121,22.93,510.3,71.6,43,484121,48,0.14030962179110326,ces
43484122,24.68,248.4,36.9,43,484122,48,0.14855072463768115,ces
43484200,22.02,451.2,62.8,43,484200,48,0.13918439716312056,ces
43484210,20.72,98.5,18.8,43,484210,48,0.19086294416243654,ces
43484220,21.45,219.2,24.8,43,484220,48,0.11313868613138688,ces
43484230,23.8,133.1,19.2,43,484230,48,0.14425244177310292,ces
43485000,18.03,472.6,179.1,43,485000,48,0.378967414303851,ces
43485300,,79.2,20.5,43,485300,48,0.2588383838383838,ces
43485310,,35.7,,43,485310,48,,ces
43485320,,43.3,,43,485320,48,,ces
43485400,18.28,193.0,,43,485400,48,,ces
43485500,,100.8,,43,485500,48,,ces
43485900,15.74,103.3,36.2,43,485900,48,0.35043562439496617,ces
43486000,42.45,49.0,8.4,43,486000,48,0.17142857142857143,ces
43487000,,35.1,10.9,43,487000,48,0.3105413105413105,ces
43488000,24.34,660.9,185.4,43,488000,48,0.2805265546981389,ces
43488100,22.63,196.6,52.2,43,488100,48,0.26551373346897256,ces
43488110,15.82,89.0,30.2,43,488110,48,0.3393258426966292,ces
43488300,31.99,91.0,14.6,43,488300,48,0.16043956043956042,ces
43488320,,59.2,,43,488320,48,,ces
43488390,,31.1,,43,488390,48,,ces
43488400,18.45,98.6,16.6,43,488400,48,0.16835699797160245,ces
43488410,17.52,63.2,11.9,43,488410,48,0.18829113924050633,ces
43488500,26.73,210.5,86.7,43,488500,48,0.4118764845605701,ces
43488900,21.43,65.2,15.7,43,488900,48,0.2407975460122699,ces
43492000,20.37,645.2,137.9,43,492000,49,0.21373217606943581,ces
43492100,,578.4,,43,492100,49,,ces
43492200,,68.1,,43,492200,49,,ces
43493000,18.96,926.0,312.6,43,493000,49,0.3375809935205184,ces
43493110,18.72,812.5,288.1,43,493110,49,0.3545846153846154,ces
43493120,20.92,58.0,10.9,43,493120,49,0.18793103448275864,ces
43493190,20.95,56.7,13.8,43,493190,49,0.24338624338624337,ces
44220000,38.35,555.9,129.4,44,220000,22,0.23277567907897107,ces
44221100,40.27,392.8,88.0,44,221100,22,0.2240325865580448,ces
44221110,42.06,158.1,26.7,44,221110,22,0.16888045540796964,ces
44221112,41.8,95.1,17.8,44,221112,22,0.18717139852786543,ces
44221118,,63.0,,44,221118,22,,ces
44221120,39.16,234.5,61.5,44,221120,22,0.2622601279317697,ces
44221121,,26.8,,44,221121,22,,ces
44221122,,207.6,,44,221122,22,,ces
44221200,34.49,112.4,29.1,44,221200,22,0.25889679715302494,ces
44221300,30.17,50.8,11.9,44,221300,22,0.23425196850393704,ces
50000000,36.98,2786.0,1115.0,50,000000,00,0.4002153625269203,ces
50511000,42.74,730.7,317.3,50,511000,51,0.4342411386341864,ces
50511100,27.58,371.9,203.9,50,511100,51,0.548265662812584,ces
50511110,22.42,176.8,91.8,50,511110,51,0.5192307692307692,ces
50511120,36.58,97.6,56.4,50,511120,51,0.5778688524590164,ces
50511130,26.87,61.8,36.5,50,511130,51,0.5906148867313916,ces
50511190,,35.6,,50,511190,51,,ces
50511200,57.21,358.8,113.9,50,511200,51,0.31744704570791527,ces
50512000,32.38,425.0,166.6,50,512000,51,0.39199999999999996,ces
50512110,,242.9,,50,512110,51,,ces
50512130,,141.9,,50,512130,51,,ces
50515000,35.28,268.9,112.2,50,515000,51,0.4172554853105244,ces
50515100,,216.8,,50,515100,51,,ces
50515110,33.45,85.4,36.6,50,515110,51,0.42857142857142855,ces
50515120,,131.8,,50,515120,51,,ces
50515200,,51.8,,50,515200,51,,ces
50517000,32.61,797.4,256.6,50,517000,51,0.3217958364685227,ces
50517100,32.69,589.3,179.8,50,517100,51,0.30510775496351605,ces
50517200,31.0,121.2,45.2,50,517200,51,0.37293729372937295,ces
50517900,34.31,83.5,29.5,50,517900,51,0.3532934131736527,ces
50517911,29.08,50.5,20.0,50,517911,51,0.39603960396039606,ces
50518000,38.67,301.4,131.4,50,518000,51,0.435965494359655,ces
50519000,39.94,262.4,132.2,50,519000,51,0.5038109756097561,ces
50519130,,204.3,,50,519130,51,,ces
50519190,,58.4,,50,519190,51,,ces
55000000,32.55,8324.0,4730.0,55,000000,00,0.5682364247957713,ces
55520000,,6167.0,,55,520000,52,,ces
55521000,,18.4,,55,521000,52,,ces
55522000,30.17,2622.1,1660.6,55,522000,52,0.6333091796651539,ces
55522100,29.37,1702.9,1132.9,55,522100,52,0.6652768806154208,ces
55522110,30.51,1308.7,839.7,55,522110,52,0.6416290975777489,ces
55522120,28.48,123.1,87.0,55,522120,52,0.7067424857839155,ces
55522190,24.33,270.6,206.4,55,522190,52,0.7627494456762749,ces
55522200,31.79,614.8,358.5,55,522200,52,0.5831164606376058,ces
55522210,34.22,89.6,53.4,55,522210,52,0.5959821428571429,ces
55522220,32.09,96.5,53.7,55,522220,52,0.5564766839378239,ces
55522290,31.23,429.0,251.0,55,522290,52,0.585081585081585,ces
55522291,23.24,104.7,72.9,55,522291,52,0.6962750716332379,ces
55522292,35.81,232.8,134.8,55,522292,52,0.5790378006872853,ces
55522298,27.67,90.7,43.9,55,522298,52,0.48401323042998895,ces
55522300,31.47,304.4,168.8,55,522300,52,0.5545335085413929,ces
55522310,38.01,89.8,46.9,55,522310,52,0.522271714922049,ces
55522320,32.36,130.9,67.2,55,522320,52,0.5133689839572193,ces
55522390,23.39,83.8,54.6,55,522390,52,0.6515513126491648,ces
55523000,50.12,932.8,421.9,55,523000,52,0.4522941680960549,ces
55523120,42.73,278.4,129.7,55,523120,52,0.46587643678160917,ces
55523200,50.47,450.9,192.1,55,523200,52,0.42603681525837217,ces
55523900,49.92,480.8,229.8,55,523900,52,0.4779534109816972,ces
55523910,54.84,29.0,13.6,55,523910,52,0.4689655172413793,ces
55523920,53.79,196.1,90.4,55,523920,52,0.46098929117797044,ces
55523930,46.91,197.0,92.9,55,523930,52,0.47157360406091375,ces
55523990,44.91,57.9,32.5,55,523990,52,0.5613126079447323,ces
55524000,34.27,2593.7,1694.7,55,524000,52,0.6533909087404095,ces
55524100,36.11,1491.1,959.6,55,524100,52,0.6435517403259339,ces
55524110,36.78,813.5,555.8,55,524110,52,0.6832206515058389,ces
55524113,,347.6,,55,524113,52,,ces
55524114,,465.5,,55,524114,52,,ces
55524120,34.51,652.7,389.0,55,524120,52,0.5959859047035391,ces
55524126,34.25,559.8,327.2,55,524126,52,0.5844944623079672,ces
55524128,36.27,92.9,61.6,55,524128,52,0.6630785791173305,ces
55524130,59.19,24.8,14.1,55,524130,52,0.5685483870967741,ces
55524200,31.54,1102.9,736.4,55,524200,52,0.6676942605857284,ces
55524210,30.61,781.6,521.7,55,524210,52,0.6674769703172979,ces
55524290,33.71,322.9,214.3,55,524290,52,0.6636729637658718,ces
55524291,32.49,59.1,28.9,55,524291,52,0.4890016920473773,ces
55524292,30.87,185.5,136.1,55,524292,52,0.7336927223719676,ces
55524298,41.26,78.2,49.3,55,524298,52,0.6304347826086956,ces
55530000,,2156.5,,55,530000,53,,ces
55531000,25.59,1572.3,766.4,55,531000,53,0.4874387839470839,ces
55531100,23.71,588.4,252.5,55,531100,53,0.42912984364377976,ces
55531110,21.26,350.8,146.0,55,531110,53,0.4161915621436716,ces
55531120,32.6,148.7,64.3,55,531120,53,0.43241425689307333,ces
55531130,17.61,48.9,22.6,55,531130,53,0.4621676891615542,ces
55531190,20.01,40.8,19.4,55,531190,53,0.47549019607843135,ces
55531200,27.94,307.0,191.4,55,531200,53,0.6234527687296417,ces
55531300,26.11,676.6,321.9,55,531300,53,0.4757611587348507,ces
55531310,25.0,585.5,274.3,55,531310,53,0.4684884713919727,ces
55531311,22.43,431.5,204.9,55,531311,53,0.47485515643105447,ces
55531312,31.91,154.4,69.7,55,531312,53,0.45142487046632124,ces
55531320,28.45,33.3,14.4,55,531320,53,0.43243243243243246,ces
55531390,35.21,57.0,32.7,55,531390,53,0.5736842105263158,ces
55532000,23.18,560.8,168.9,55,532000,53,0.30117689015691873,ces
55532100,21.52,207.1,58.6,55,532100,53,0.2829550941574119,ces
55532110,,132.3,,55,532110,53,,ces
55532120,,75.0,,55,532120,53,,ces
55532200,17.78,167.9,71.3,55,532200,53,0.4246575342465753,ces
55532230,,11.4,,55,532230,53,,ces
55532290,,156.0,,55,532290,53,,ces
55532291,20.34,38.6,21.7,55,532291,53,0.5621761658031088,ces
55532300,23.11,39.8,9.1,55,532300,53,0.22864321608040203,ces
55532400,30.83,145.6,30.1,55,532400,53,0.20673076923076925,ces
55532410,30.6,72.9,10.8,55,532410,53,0.14814814814814814,ces
55532490,31.33,72.9,19.2,55,532490,53,0.2633744855967078,ces
55533000,,23.4,,55,533000,53,,ces
60000000,30.97,20279.0,9115.0,60,000000,00,0.4494797573844864,ces
60540000,39.77,8956.5,4166.9,60,540000,54,0.465237536984313,ces
60541100,41.4,1121.3,762.8,60,541100,54,0.6802818157495764,ces
60541110,42.71,1038.8,701.4,60,541110,54,0.6752021563342319,ces
60541190,25.46,82.3,60.9,60,541190,54,0.7399756986634265,ces
60541191,24.6,57.8,44.7,60,541191,54,0.7733564013840831,ces
60541200,30.97,997.5,624.7,60,541200,54,0.6262656641604011,ces
60541211,33.96,469.0,286.9,60,541211,54,0.611727078891258,ces
60541213,,115.0,,60,541213,54,,ces
60541214,30.48,166.5,81.2,60,541214,54,0.4876876876876877,ces
60541219,,253.6,,60,541219,54,,ces
60541300,38.17,1415.2,386.6,60,541300,54,0.27317693612210286,ces
60541310,37.44,182.8,69.8,60,541310,54,0.3818380743982494,ces
60541320,31.42,33.9,10.2,60,541320,54,0.30088495575221236,ces
60541340,40.33,952.1,232.7,60,541340,54,0.24440710009452787,ces
60541370,30.93,82.8,18.9,60,541370,54,0.22826086956521738,ces
60541380,31.71,163.6,54.7,60,541380,54,0.33435207823960883,ces
60541400,32.05,142.2,74.1,60,541400,54,0.5210970464135021,ces
60541410,27.91,41.8,29.5,60,541410,54,0.7057416267942584,ces
60541430,31.89,63.8,27.7,60,541430,54,0.4341692789968652,ces
60541500,45.51,2012.6,639.6,60,541500,54,0.3177978733975952,ces
60541511,46.58,879.2,278.4,60,541511,54,0.31665150136487713,ces
60541512,44.97,955.4,300.3,60,541512,54,0.3143186100062801,ces
60541513,,68.7,26.5,60,541513,54,0.38573508005822416,ces
60541519,43.72,110.2,34.9,60,541519,54,0.31669691470054445,ces
60541600,39.61,1398.4,625.5,60,541600,54,0.4472969107551487,ces
60541610,40.4,1117.5,522.2,60,541610,54,0.46729306487695754,ces
60541611,43.69,579.7,277.2,60,541611,54,0.47817836812144204,ces
60541612,,80.4,,60,541612,54,,ces
60541613,38.31,236.0,114.5,60,541613,54,0.4851694915254237,ces
60541614,30.42,121.1,44.4,60,541614,54,0.3666391412056152,ces
60541618,,100.4,,60,541618,54,,ces
60541620,,86.2,,60,541620,54,,ces
60541690,,194.4,,60,541690,54,,ces
60541700,47.94,686.5,314.6,60,541700,54,0.45826656955571743,ces
60541710,48.68,626.2,277.5,60,541710,54,0.44314915362503987,ces
60541711,50.45,174.8,92.7,60,541711,54,0.530320366132723,ces
60541712,47.99,451.9,184.6,60,541712,54,0.40849745518920116,ces
60541720,38.71,60.2,37.1,60,541720,54,0.6162790697674418,ces
60541800,39.92,491.9,271.6,60,541800,54,0.552144744866843,ces
60541810,44.74,201.3,107.5,60,541810,54,0.5340288127173373,ces
60541820,44.82,59.7,38.1,60,541820,54,0.6381909547738693,ces
60541840,,41.5,,60,541840,54,,ces
60541850,,37.4,,60,541850,54,,ces
60541860,27.05,44.6,24.2,60,541860,54,0.5426008968609866,ces
60541890,26.7,107.6,59.7,60,541890,54,0.5548327137546469,ces
60541900,28.0,691.0,468.3,60,541900,54,0.6777134587554269,ces
60541910,40.85,104.0,57.5,60,541910,54,0.5528846153846154,ces
60541920,18.52,52.4,31.5,60,541920,54,0.601145038167939,ces
60541940,22.88,361.4,301.2,60,541940,54,0.8334255672385169,ces
60541990,32.56,174.0,78.5,60,541990,54,0.4511494252873563,ces
60550000,38.41,2246.5,1084.7,60,550000,55,0.48283997329178724,ces
60551112,47.79,85.7,41.5,60,551112,55,0.48424737456242706,ces
60551114,38.05,2160.9,1042.9,60,551114,55,0.48262298116525526,ces
60560000,19.57,9076.1,3863.1,60,560000,56,0.42563435836978436,ces
60561000,19.23,8669.7,3806.0,60,561000,56,0.4390001960852163,ces
60561100,33.82,499.4,279.9,60,561100,56,0.5604725670804965,ces
60561200,22.5,141.9,47.5,60,561200,56,0.3347427766032417,ces
60561300,18.02,3587.3,1671.2,60,561300,56,0.46586569286092605,ces
60561310,25.29,295.2,159.0,60,561310,56,0.5386178861788619,ces
60561311,,253.4,,60,561311,56,,ces
60561312,,41.5,,60,561312,56,,ces
60561320,16.87,2940.9,1359.0,60,561320,56,0.46210343772314594,ces
60561330,20.8,350.9,156.7,60,561330,56,0.44656597321174124,ces
60561400,19.57,922.5,571.4,60,561400,56,0.6194037940379403,ces
60561410,18.64,49.1,34.8,60,561410,56,0.7087576374745417,ces
60561420,17.56,542.1,347.4,60,561420,56,0.6408411732152739,ces
60561421,,38.0,,60,561421,56,,ces
60561422,,504.4,,60,561422,56,,ces
60561430,20.35,79.4,36.3,60,561430,56,0.4571788413098236,ces
60561440,21.64,132.2,89.7,60,561440,56,0.678517397881997,ces
60561450,,21.3,,60,561450,56,,ces
60561490,,98.2,,60,561490,56,,ces
60561500,26.45,217.6,143.8,60,561500,56,0.6608455882352942,ces
60561510,24.56,91.1,68.1,60,561510,56,0.7475301866081229,ces
60561520,,30.0,,60,561520,56,,ces
60561590,,96.2,,60,561590,56,,ces
60561600,16.68,900.9,246.4,60,561600,56,0.27350427350427353,ces
60561610,14.73,760.0,208.8,60,561610,56,0.27473684210526317,ces
60561611,,33.9,,60,561611,56,,ces
60561613,,726.1,,60,561613,56,,ces
60561620,26.27,141.0,37.1,60,561620,56,0.2631205673758865,ces
60561700,16.76,2082.2,693.8,60,561700,56,0.3332052636634329,ces
60561710,22.98,115.2,27.1,60,561710,56,0.23524305555555555,ces
60561720,14.33,1073.0,558.7,60,561720,56,0.5206896551724138,ces
60561730,18.14,763.1,80.8,60,561730,56,0.10588389464028305,ces
60561740,17.32,44.5,10.9,60,561740,56,0.2449438202247191,ces
60561790,19.68,86.5,16.7,60,561790,56,0.1930635838150289,ces
60561900,24.21,318.0,134.6,60,561900,56,0.4232704402515723,ces
60561910,18.52,57.1,28.2,60,561910,56,0.49387040280210154,ces
60561920,32.83,58.8,28.1,60,561920,56,0.47789115646258506,ces
60561990,23.62,202.2,79.0,60,561990,56,0.39070227497527205,ces
60562000,25.4,406.4,71.4,60,562000,56,0.17568897637795278,ces
60562100,22.06,170.3,26.3,60,562100,56,0.15443335290663535,ces
60562200,29.65,96.1,18.9,60,562200,56,0.19667013527575442,ces
60562211,,35.1,,60,562211,56,,ces
60562219,,60.7,,60,562219,56,,ces
60562900,26.35,139.5,26.1,60,562900,56,0.1870967741935484,ces
60562910,,81.6,,60,562910,56,,ces
60562990,,58.0,,60,562990,56,,ces
65000000,25.87,22745.0,17533.0,65,000000,00,0.770850736425588,ces
65610000,,3587.1,2201.4,65,610000,61,0.6136990884001003,ces
65611100,,1020.8,729.7,65,611100,61,0.7148315047021945,ces
65611200,,67.7,40.8,65,611200,61,0.6026587887740029,ces
65611300,,1760.5,957.0,65,611300,61,0.5435955694404998,ces
65611400,,69.2,38.7,65,611400,61,0.5592485549132948,ces
65611420,,22.2,,65,611420,61,,ces
65611430,,46.7,,65,611430,61,,ces
65611500,,114.7,59.8,65,611500,61,0.5213600697471665,ces
65611600,,414.1,278.6,65,611600,61,0.6727843516058923,ces
65611610,,96.1,,65,611610,61,,ces
65611620,,123.6,,65,611620,61,,ces
65611690,,191.9,,65,611690,61,,ces
65611700,,145.7,99.7,65,611700,61,0.6842827728208649,ces
65620000,26.11,19157.9,15331.7,65,620000,62,0.8002808240986746,ces
65620001,28.2,15499.8,12308.4,65,620001,62,0.7941005690396006,ces
65621000,31.11,7134.8,5720.0,65,621000,62,0.8017043224757526,ces
65621100,39.91,2542.7,2014.3,65,621100,62,0.7921894049632281,ces
65621111,40.11,2489.8,1973.8,65,621111,62,0.7927544381074785,ces
65621112,29.71,53.1,40.6,65,621112,62,0.7645951035781544,ces
65621200,31.26,930.6,816.2,65,621200,62,0.8770685579196218,ces
65621300,25.71,870.0,682.9,65,621300,62,0.7849425287356322,ces
65621310,22.99,133.1,100.6,65,621310,62,0.7558226897069872,ces
65621320,22.58,134.1,112.3,65,621320,62,0.8374347501864281,ces
65621330,23.42,83.2,64.2,65,621330,62,0.7716346153846154,ces
65621340,27.79,373.5,291.6,65,621340,62,0.7807228915662652,ces
65621390,26.81,145.4,113.3,65,621390,62,0.779229711141678,ces
65621391,,35.3,,65,621391,62,,ces
65621399,,110.2,,65,621399,62,,ces
65621400,28.54,867.4,683.9,65,621400,62,0.7884482361079087,ces
65621420,22.08,227.6,169.2,65,621420,62,0.7434094903339191,ces
65621490,30.81,639.9,514.6,65,621490,62,0.8041881543991249,ces
65621491,,197.2,,65,621491,62,,ces
65621492,,125.3,,65,621492,62,,ces
65621493,30.71,141.9,119.5,65,621493,62,0.8421423537702607,ces
65621498,30.25,175.6,140.5,65,621498,62,0.800113895216401,ces
65621500,29.43,264.2,181.9,65,621500,62,0.6884935654806965,ces
65621511,29.31,193.8,128.8,65,621511,62,0.6646026831785345,ces
65621512,29.8,69.9,52.9,65,621512,62,0.7567954220314734,ces
65621600,19.55,1371.1,1199.6,65,621600,62,0.87491794909197,ces
65621900,22.65,288.8,140.0,65,621900,62,0.48476454293628807,ces
65621910,18.67,169.9,55.9,65,621910,62,0.32901706886403764,ces
65621990,28.55,119.3,83.9,65,621990,62,0.7032690695725063,ces
65621991,,68.3,,65,621991,62,,ces
65621999,,51.4,,65,621999,62,,ces
65622000,31.19,5047.5,3922.5,65,622000,62,0.7771173848439822,ces
65622100,31.44,4630.3,3598.4,65,622100,62,0.7771418698572446,ces
65622200,24.68,147.0,103.9,65,622200,62,0.7068027210884354,ces
65622300,30.16,270.6,220.7,65,622300,62,0.8155949741315593,ces
65623000,17.29,3317.5,2666.6,65,623000,62,0.8037980406932931,ces
65623100,18.27,1644.8,1396.4,65,623100,62,0.84897859922179,ces
65623200,16.12,614.1,438.2,65,623200,62,0.7135645660315909,ces
65623210,14.89,394.0,292.8,65,623210,62,0.7431472081218274,ces
65623220,18.24,219.5,145.6,65,623220,62,0.6633257403189066,ces
65623300,16.31,894.2,722.1,65,623300,62,0.8075374636546634,ces
65623311,17.29,476.8,384.3,65,623311,62,0.805998322147651,ces
65623312,15.24,417.1,337.4,65,623312,62,0.8089187245264924,ces
65623900,17.63,164.5,110.0,65,623900,62,0.668693009118541,ces
65624000,16.06,3658.1,3019.5,65,624000,62,0.8254285011344688,ces
65624100,16.47,2249.6,1854.7,65,624100,62,0.8244576813655762,ces
65624110,21.31,189.8,146.6,65,624110,62,0.7723919915700737,ces
65624120,14.66,1638.0,1380.3,65,624120,62,0.8426739926739927,ces
65624190,20.52,419.0,326.4,65,624190,62,0.778997613365155,ces
65624200,21.27,163.6,108.9,65,624200,62,0.6656479217603912,ces
65624210,21.38,35.7,21.3,65,624210,62,0.5966386554621849,ces
65624230,21.15,127.7,87.1,65,624230,62,0.6820673453406421,ces
65624300,15.81,337.5,207.0,65,624300,62,0.6133333333333333,ces
65624400,14.33,907.3,853.3,65,624400,62,0.9404827510195084,ces
70000000,15.01,15684.0,8145.0,70,000000,00,0.519319051262433,ces
70710000,20.91,2235.2,1053.7,70,710000,71,0.4714119541875448,ces
70711000,31.09,457.5,188.2,70,711000,71,0.4113661202185792,ces
70711100,28.96,118.6,61.9,70,711100,71,0.5219224283305228,ces
70711130,,36.7,,70,711130,71,,ces
70711190,,81.9,,70,711190,71,,ces
70711200,34.18,129.5,37.4,70,711200,71,0.2888030888030888,ces
70711211,,80.4,,70,711211,71,,ces
70711212,,29.0,,70,711212,71,,ces
70711219,,21.3,,70,711219,71,,ces
70711300,29.61,150.7,68.0,70,711300,71,0.45122760451227606,ces
70711500,30.18,53.2,21.3,70,711500,71,0.40037593984962405,ces
70712000,23.04,161.5,99.0,70,712000,71,0.6130030959752322,ces
70712110,24.31,95.3,58.6,70,712110,71,0.614900314795383,ces
70712190,21.15,66.1,40.1,70,712190,71,0.6066565809379728,ces
70713000,17.31,1616.2,768.9,70,713000,71,0.47574557604256895,ces
70713100,14.25,205.3,100.9,70,713100,71,0.49147588894301025,ces
70713200,18.73,127.9,64.4,70,713200,71,0.5035183737294762,ces
70713210,18.07,84.5,42.3,70,713210,71,0.5005917159763313,ces
70713290,20.02,43.6,22.2,70,713290,71,0.5091743119266054,ces
70713900,17.6,1286.8,603.9,70,713900,71,0.46930369909853903,ces
70713910,18.42,371.9,116.4,70,713910,71,0.31298736219413825,ces
70713920,19.36,41.2,15.0,70,713920,71,0.36407766990291257,ces
70713930,22.74,31.3,9.1,70,713930,71,0.29073482428115016,ces
70713940,17.06,596.9,351.1,70,713940,71,0.5882057296029486,ces
70713950,13.59,66.5,29.6,70,713950,71,0.44511278195488724,ces
70713990,17.59,181.3,78.4,70,713990,71,0.43243243243243246,ces
70720000,14.1,13449.2,7091.4,70,720000,72,0.5272729976504178,ces
70721000,16.77,1950.2,1146.0,70,721000,72,0.587632037739719,ces
70721100,16.82,1881.8,1111.2,70,721100,72,0.5904984589223085,ces
70721110,16.69,1567.2,940.0,70,721110,72,0.5997958141909138,ces
70721120,,268.2,,70,721120,72,,ces
70721190,,47.1,,70,721190,72,,ces
70721191,,17.6,,70,721191,72,,ces
70721199,,29.1,,70,721199,72,,ces
70721200,15.74,66.1,31.8,70,721200,72,0.48108925869894104,ces
70721211,,30.9,,70,721211,72,,ces
70721214,,35.0,,70,721214,72,,ces
70722000,13.55,11499.0,5946.3,70,722000,72,0.5171145316984086,ces
70722300,17.2,671.0,366.5,70,722300,72,0.5461997019374069,ces
70722310,16.85,473.3,272.9,70,722310,72,0.5765899006972321,ces
70722330,18.24,196.4,97.8,70,722330,72,0.49796334012219956,ces
70722400,14.87,380.4,210.1,70,722400,72,0.5523133543638276,ces
70722500,13.25,10448.1,5363.3,70,722500,72,0.5133277820847809,ces
70722511,14.77,5403.1,2601.4,70,722511,72,0.48146434454294756,ces
70722513,11.48,4279.5,2292.7,70,722513,72,0.5357401565603458,ces
70722514,11.16,117.5,63.5,70,722514,72,0.5404255319148936,ces
70722515,12.46,643.7,409.2,70,722515,72,0.6356998601833151,ces
80000000,23.17,5708.0,3000.0,80,000000,00,0.5255781359495445,ces
80811000,21.4,1288.0,215.5,80,811000,81,0.16731366459627328,ces
80811100,19.83,913.5,140.0,80,811100,81,0.1532567049808429,ces
80811110,20.86,398.5,55.3,80,811110,81,0.13877038895859473,ces
80811111,20.86,345.0,48.0,80,811111,81,0.1391304347826087,ces
80811113,,26.8,,80,811113,81,,ces
80811118,20.77,26.9,4.0,80,811118,81,0.14869888475836432,ces
80811120,22.95,272.0,43.9,80,811120,81,0.1613970588235294,ces
80811121,,239.7,35.8,80,811121,81,0.14935335836462243,ces
80811122,,32.1,7.8,80,811122,81,0.24299065420560745,ces
80811190,13.68,243.0,40.7,80,811190,81,0.16748971193415638,ces
80811192,12.87,163.0,30.4,80,811192,81,0.18650306748466255,ces
80811198,14.98,79.1,10.3,80,811198,81,0.13021491782553732,ces
80811200,27.33,100.3,25.6,80,811200,81,0.255234297108674,ces
80811212,26.8,40.1,10.1,80,811212,81,0.25187032418952615,ces
80811219,27.6,59.7,15.5,80,811219,81,0.25963149078726966,ces
80811300,25.95,199.5,28.2,80,811300,81,0.14135338345864662,ces
80811400,18.6,76.0,21.8,80,811400,81,0.2868421052631579,ces
80812000,17.2,1458.5,1009.0,80,812000,81,0.691806650668495,ces
80812100,17.54,694.7,612.9,80,812100,81,0.8822513315100042,ces
80812110,16.94,545.4,481.5,80,812110,81,0.8828382838283829,ces
80812112,17.84,454.3,408.2,80,812112,81,0.8985252036099494,ces
80812113,12.81,90.7,73.3,80,812113,81,0.8081587651598676,ces
80812190,19.99,148.9,131.0,80,812190,81,0.8797850906648758,ces
80812200,23.36,137.8,50.5,80,812200,81,0.36647314949201737,ces
80812210,23.8,106.6,41.3,80,812210,81,0.3874296435272045,ces
80812220,21.89,30.3,8.9,80,812220,81,0.29372937293729373,ces
80812300,14.95,299.5,174.5,80,812300,81,0.5826377295492488,ces
80812310,14.04,35.5,22.7,80,812310,81,0.6394366197183098,ces
80812320,12.59,133.6,92.9,80,812320,81,0.6953592814371258,ces
80812330,17.13,130.5,59.1,80,812330,81,0.45287356321839084,ces
80812331,,67.0,,80,812331,81,,ces
80812332,,63.3,,80,812332,81,,ces
80812900,16.37,325.5,170.3,80,812900,81,0.5231950844854071,ces
80812910,15.41,107.5,83.1,80,812910,81,0.7730232558139535,ces
80812930,14.38,142.1,25.5,80,812930,81,0.17945109078114005,ces
80812990,,76.2,,80,812990,81,,ces
80813000,26.82,2961.5,1777.5,80,813000,81,0.6002026000337667,ces
80813200,38.37,184.7,127.9,80,813200,81,0.6924742826204657,ces
80813211,43.32,108.5,70.3,80,813211,81,0.6479262672811059,ces
80813212,34.07,39.6,29.5,80,813212,81,0.7449494949494949,ces
80813219,28.06,37.0,27.8,80,813219,81,0.7513513513513513,ces
80813300,26.25,218.4,155.8,80,813300,81,0.7133699633699634,ces
80813311,24.76,46.0,34.2,80,813311,81,0.7434782608695653,ces
80813319,26.68,171.7,120.8,80,813319,81,0.7035527082119977,ces
80813400,18.78,392.3,260.0,80,813400,81,0.6627580932959469,ces
80813900,34.22,480.1,248.0,80,813900,81,0.5165590501978754,ces
80813910,38.0,119.0,77.6,80,813910,81,0.6521008403361344,ces
80813920,42.29,84.7,59.6,80,813920,81,0.7036599763872491,ces
80813930,39.75,114.6,47.5,80,813930,81,0.41448516579406636,ces
80813990,22.47,164.4,63.3,80,813990,81,0.3850364963503649,ces
90000000,,22316.0,12800.0,90,000000,00,0.5735794945330704,ces
90910000,,2811.0,1243.0,90,910000,91,0.44219139096406973,ces
90911000,,2196.1,966.8,90,911000,91,0.440234961978052,ces
90916220,,340.2,205.0,90,916220,91,0.6025867136978248,ces
90919110,,530.1,162.8,90,919110,91,0.3071118656857197,ces
90919120,,614.5,275.8,90,919120,91,0.4488201790073231,ces
90919999,,1325.9,598.9,90,919999,91,0.45169318953163884,ces
90920000,,5101.0,2741.0,90,920000,92,0.5373456185061752,ces
90921611,,2422.8,1339.4,90,921611,92,0.5528314347036487,ces
90922000,,2678.5,1398.1,90,922000,92,0.521971252566735,ces
90922622,,369.6,255.9,90,922622,92,0.6923701298701298,ces
90922920,,1802.8,861.8,90,922920,92,0.478034169070335,ces
90922999,,507.2,279.2,90,922999,92,0.5504731861198738,ces
90930000,,14404.0,8816.0,90,930000,93,0.6120522077200777,ces
90931611,,7967.6,5825.0,90,931611,93,0.7310858978864401,ces
90932000,,6436.0,2994.3,90,932000,93,0.46524238657551276,ces
90932221,,244.6,58.9,90,932221,93,0.24080130825838103,ces
90932480,,284.4,88.4,90,932480,93,0.31082981715893115,ces
90932622,,666.3,533.1,90,932622,93,0.80009004952724,ces
90932920,,4116.8,1687.1,90,932920,93,0.4098085891954916,ces
90932999,,1115.7,625.4,90,932999,93,0.5605449493591467,ces
