Series ID,Jan 2016,Feb 2016,Mar 2016,Apr 2016,May 2016,Jun 2016,Jul 2016,Aug 2016,Sep 2016,Oct 2016,Nov 2016,Dec 2016
CES0500000003,25.37,25.38,25.46,25.54,25.59,25.62,25.71,25.74,25.81,25.90,25.91,25.98
CES0600000003,26.52,26.54,26.66,26.79,26.90,26.91,26.98,26.99,27.09,27.26,27.14,27.24
CES0800000003,25.10,25.10,25.18,25.24,25.28,25.32,25.41,25.45,25.52,25.58,25.62,25.68
CES1000000003,31.93,31.64,31.92,32.12,32.33,32.14,32.10,31.80,32.12,32.45,32.09,32.48
CES1011330003,21.07,21.01,21.03,20.50,21.31,21.46,21.37,21.48,21.13,21.42,21.41,21.28
CES1021000003,32.73,32.48,32.73,32.97,33.13,32.94,32.92,32.59,32.95,33.28,32.89,33.30
CES1021100003,44.12,43.69,43.89,45.07,44.91,44.29,44.18,43.87,44.25,44.78,44.44,45.15
CES1021200003,29.04,28.87,29.23,29.01,28.93,28.92,29.14,28.96,29.07,29.35,28.85,29.13
CES1021210003,32.87,32.58,32.50,32.05,31.86,31.25,31.84,31.79,32.03,32.45,31.97,32.20
CES1021220003,31.95,32.28,32.67,33.68,33.35,33.23,33.96,32.99,32.84,33.03,31.79,32.22
CES1021230003,25.39,25.39,26.41,25.56,25.53,25.72,25.74,25.40,25.76,25.94,25.94,26.16
CES1021231003,24.38,24.41,26.80,24.31,24.12,24.26,24.40,23.90,24.18,24.46,24.12,24.34
CES1021231203,25.52,25.51,26.04,25.59,25.37,25.24,25.18,25.09,24.99,25.37,24.99,25.14
CES1021231903,23.20,23.13,27.75,23.11,22.70,23.65,23.46,22.45,23.47,23.27,23.16,23.49
CES1021300003,28.49,28.19,28.33,28.61,28.64,28.54,28.59,28.24,28.56,28.46,28.76,29.17
CES1021311203,27.34,27.23,27.55,27.68,27.92,27.81,27.69,27.59,27.82,27.83,27.98,28.47
CES2000000003,27.63,27.74,27.87,27.96,28.06,28.13,28.22,28.21,28.33,28.42,28.34,28.40
CES2023600003,29.52,29.55,29.60,29.80,29.89,29.82,30.10,30.16,30.16,30.29,30.27,30.39
CES2023610003,26.78,26.80,26.83,26.91,26.85,26.86,27.13,27.18,27.23,27.29,27.19,27.31
CES2023611503,26.54,26.57,26.64,26.67,26.51,26.57,26.87,26.92,26.87,27.04,27.10,27.42
CES2023611803,25.02,25.18,25.16,25.36,25.32,25.43,25.54,25.45,25.53,25.61,25.40,25.39
CES2023620003,31.92,31.87,32.06,32.28,32.54,32.51,32.73,32.86,32.85,32.97,33.04,33.20
CES2023621003,32.04,31.81,32.35,32.61,32.96,32.84,32.80,32.67,32.86,33.08,33.18,33.39
CES2023622003,31.93,31.96,31.96,32.20,32.43,32.38,32.69,32.86,32.84,32.92,33.00,33.15
CES2023700003,28.91,28.78,29.24,29.34,29.44,29.44,29.52,29.52,29.62,29.89,29.57,29.79
CES2023710003,28.36,28.36,29.06,29.19,29.24,29.17,29.24,29.20,29.27,29.61,29.22,29.30
CES2023711003,26.14,26.15,26.31,26.23,26.35,26.26,26.39,26.46,26.35,26.27,26.24,26.42
CES2023712003,30.00,31.00,31.89,31.97,32.02,32.08,31.88,31.88,32.66,32.81,32.20,32.04
CES2023713003,29.13,27.81,29.61,30.14,29.86,29.91,30.07,30.02,30.14,30.54,30.01,29.91
CES2023720003,36.16,36.19,36.53,38.21,38.69,39.23,39.40,39.54,39.69,40.01,37.64,38.43
CES2023730003,28.42,28.48,28.56,28.58,28.64,28.54,28.68,28.65,28.78,28.86,28.49,28.73
CES2023790003,29.84,29.73,30.24,29.98,29.96,30.29,30.28,30.32,30.81,31.37,32.03,32.49
CES2023800003,26.70,26.81,26.94,26.98,27.07,27.20,27.24,27.22,27.35,27.40,27.39,27.41
CES2023810003,25.12,25.14,25.33,25.22,25.17,25.26,25.17,25.18,25.24,25.31,25.31,25.37
CES2023811003,24.28,24.67,24.82,24.84,24.97,25.02,24.82,24.92,24.97,24.97,25.12,25.48
CES2023812003,30.54,30.11,30.75,30.40,29.31,29.51,29.70,29.28,30.37,30.06,30.10,29.97
CES2023813003,21.88,22.00,22.22,22.48,22.31,22.23,22.48,22.29,22.37,22.40,22.50,22.23
CES2023814003,24.25,24.18,24.55,24.06,24.10,24.24,23.78,24.27,24.31,24.64,24.38,24.26
CES2023815003,27.41,27.46,27.63,27.15,27.81,27.90,27.64,27.60,27.50,27.46,27.77,27.47
CES2023816003,24.92,24.65,24.62,24.93,25.00,25.08,25.16,25.08,25.03,24.95,24.95,25.22
CES2023817003,22.95,22.82,22.47,22.54,22.03,22.57,23.40,23.70,23.12,23.50,22.74,22.73
CES2023819003,26.00,25.82,26.35,25.39,25.18,25.05,24.53,24.51,23.80,23.45,23.95,24.21
CES2023820003,28.29,28.46,28.59,28.70,28.81,28.99,29.01,28.93,29.14,29.25,29.17,29.09
CES2023821003,28.90,29.21,29.39,29.47,29.64,30.10,30.05,29.88,29.99,30.02,30.14,29.91
CES2023822003,27.70,27.72,27.82,27.88,27.96,28.03,28.09,27.98,28.29,28.40,28.24,28.19
CES2023829003,28.68,28.83,29.12,29.62,29.72,29.61,29.67,30.02,30.07,30.21,29.70,29.95
CES2023830003,25.20,25.14,25.43,25.45,25.59,25.81,25.92,25.90,26.07,25.90,26.03,26.05
CES2023831003,27.31,27.53,28.01,28.01,27.79,27.73,27.72,27.91,27.89,27.77,28.15,28.25
CES2023832003,21.95,21.94,21.99,22.24,22.60,22.67,22.86,23.01,23.24,23.09,22.86,23.33
CES2023833003,24.53,24.32,24.56,23.49,24.51,24.64,25.01,24.89,25.01,25.32,25.23,24.40
CES2023834003,24.52,24.20,24.09,24.28,24.49,25.28,25.03,25.41,25.85,26.14,27.15,27.37
CES2023835003,25.02,24.99,25.24,25.29,25.61,25.50,25.70,25.23,25.51,25.22,25.48,25.17
CES2023839003,27.58,27.23,28.35,28.65,28.23,29.27,29.75,29.59,30.09,29.21,28.58,29.07
CES2023890003,25.45,25.47,25.58,25.58,25.75,25.64,25.81,25.85,25.96,26.08,26.05,26.31
CES2023891003,25.13,25.20,25.42,25.44,25.73,25.78,26.06,26.22,26.34,26.51,26.16,26.18
CES2023899003,25.77,25.79,25.75,25.66,25.76,25.63,25.60,25.57,25.72,25.75,26.02,26.34
CES3000000003,25.61,25.62,25.72,25.87,25.99,25.97,26.03,26.07,26.16,26.35,26.22,26.33
CES3100000003,26.96,26.96,27.05,27.18,27.31,27.29,27.34,27.41,27.46,27.67,27.49,27.60
CES3132100003,19.01,19.02,19.15,19.26,19.38,19.40,19.50,19.44,19.55,19.62,19.36,19.55
CES3132110003,19.27,19.32,19.31,19.50,19.51,19.55,19.81,19.66,19.69,19.82,19.37,19.60
CES3132120003,19.33,19.11,19.44,19.57,19.69,19.43,19.35,19.15,19.27,19.34,19.30,19.62
CES3132190003,18.74,18.78,19.01,19.02,19.27,19.35,19.45,19.44,19.57,19.61,19.41,19.43
CES3132191003,19.99,20.03,20.16,20.35,20.57,20.51,20.62,20.66,20.64,20.71,20.56,20.68
CES3132191103,22.88,23.06,23.13,23.46,23.94,23.71,23.69,23.74,23.53,23.42,23.17,23.19
CES3132191803,17.35,17.30,17.35,17.43,17.56,17.53,17.65,17.46,17.66,17.95,17.88,18.09
CES3132192003,17.45,17.44,17.65,17.66,17.48,17.72,18.11,17.94,17.79,17.97,18.17,18.07
CES3132199003,18.10,18.10,18.27,18.03,18.71,18.99,18.87,18.98,19.76,19.51,18.80,19.11
CES3132700003,23.73,23.63,23.65,24.01,23.72,23.68,23.69,23.50,23.60,23.70,23.50,23.49
CES3132730003,25.09,24.82,24.70,24.77,24.53,24.52,24.56,24.32,24.27,24.29,24.22,24.28
CES3132732003,25.15,24.76,24.82,24.81,24.56,24.37,24.20,24.31,24.10,24.22,24.26,24.36
CES3132739003,25.02,24.81,24.60,24.75,24.53,24.66,25.04,24.45,24.47,24.39,24.11,24.12
CES3132790003,21.72,21.82,21.87,22.83,22.02,21.73,21.83,21.43,21.87,21.89,22.11,22.03
CES3133100003,25.13,25.15,25.61,25.66,25.70,25.77,25.68,25.93,26.16,26.11,26.16,26.18
CES3133120003,25.64,25.50,26.24,25.58,25.76,25.72,25.22,25.56,26.15,25.70,25.55,25.63
CES3133140003,27.28,27.50,27.47,27.43,27.53,27.86,27.81,28.33,28.13,28.16,28.48,28.52
CES3133150003,22.39,22.30,22.53,22.74,22.68,22.76,23.03,22.94,23.26,23.44,23.39,23.43
CES3133200003,23.52,23.63,23.73,23.80,23.85,23.84,24.05,24.06,24.14,24.18,24.23,24.25
CES3133210003,23.73,23.64,23.70,23.85,24.07,24.17,24.33,24.24,24.35,24.16,24.69,25.25
CES3133230003,22.29,22.46,22.54,22.62,22.71,22.73,22.87,22.87,22.98,23.13,23.17,23.44
CES3133231003,23.46,23.57,23.68,23.72,23.92,23.73,24.09,23.81,23.94,24.15,24.32,24.47
CES3133231203,23.76,23.86,23.92,24.01,24.34,23.95,24.34,24.17,24.26,24.39,24.62,24.61
CES3133232003,21.35,21.51,21.61,21.73,21.72,21.86,21.92,22.06,22.17,22.24,22.25,22.56
CES3133232203,21.87,22.07,22.27,22.28,22.34,22.36,22.54,22.58,22.74,22.94,22.63,22.77
CES3133240003,25.62,25.72,25.93,25.93,26.27,25.87,25.88,25.83,25.89,26.03,26.05,25.87
CES3133270003,23.72,23.75,23.87,23.89,23.77,23.84,24.15,24.06,24.05,24.07,24.12,24.19
CES3133271003,23.74,23.73,23.84,23.83,23.62,23.84,24.14,24.00,23.95,23.97,24.07,24.26
CES3133272003,23.61,23.88,24.00,24.16,24.20,23.81,24.21,24.29,24.39,24.38,24.21,23.93
CES3133280003,20.26,20.33,20.38,20.30,20.64,20.34,20.48,20.57,20.60,20.57,20.73,20.78
CES3133281203,19.96,20.10,20.09,20.10,20.56,20.28,20.46,20.62,20.75,20.85,20.98,20.82
CES3133281303,20.55,20.68,20.79,20.60,20.66,20.51,20.46,20.53,20.53,20.33,20.19,20.92
CES3133290003,26.07,26.07,26.19,26.24,26.33,26.36,26.68,26.74,27.14,26.81,26.73,26.53
CES3133291003,26.78,26.83,27.10,26.70,26.92,26.88,26.88,26.96,27.09,27.14,26.89,26.83
CES3133299003,25.69,25.66,25.81,26.05,26.07,26.19,26.59,26.71,27.02,26.79,26.62,26.32
CES3133300003,27.45,27.36,27.43,27.73,27.87,27.83,27.81,27.93,27.95,28.21,27.85,28.09
CES3133310003,26.63,26.24,26.21,26.44,26.91,26.77,26.12,26.76,26.74,27.20,26.72,27.17
CES3133311103,27.94,27.73,27.94,28.46,29.03,28.38,28.02,28.38,28.30,29.06,28.34,29.45
CES3133320003,30.72,30.70,30.67,30.91,30.78,30.66,31.11,31.09,31.26,31.49,31.82,32.06
CES3133330003,31.71,32.38,31.29,31.76,31.57,31.66,31.67,32.01,31.44,31.58,31.17,31.40
CES3133340003,23.19,22.83,23.17,23.56,23.66,23.54,23.59,23.46,23.37,23.40,22.90,23.23
CES3133350003,26.05,26.10,26.22,26.42,26.55,26.62,26.50,26.80,26.82,26.96,26.89,27.15
CES3133351403,25.61,25.70,25.74,26.11,26.04,26.45,26.32,26.72,26.63,26.67,26.72,26.86
CES3133360003,30.24,30.39,30.84,31.38,31.10,31.14,31.30,31.12,31.42,31.86,31.30,31.98
CES3133390003,27.41,27.22,27.50,27.64,27.82,27.87,28.04,27.81,28.05,28.18,27.77,27.86
CES3133392003,24.37,24.42,24.68,25.23,25.15,25.33,25.56,25.16,26.27,25.89,25.63,25.74
CES3133400003,34.39,34.56,34.74,34.93,35.14,35.33,35.09,35.50,35.78,36.11,35.81,35.91
CES3133410003,36.91,35.36,37.86,38.20,38.41,38.66,38.72,38.96,39.17,40.08,39.32,41.05
CES3133420003,37.19,36.56,36.19,36.21,35.55,35.40,34.57,34.74,34.60,34.49,33.97,33.76
CES3133440003,30.55,30.63,31.27,30.87,31.20,31.22,31.07,31.73,31.84,32.19,31.85,31.95
CES3133441303,42.34,42.51,42.44,42.98,42.54,42.54,42.52,42.78,42.92,43.08,43.09,42.49
CES3133441903,25.06,25.17,26.87,25.80,25.99,26.16,26.19,26.39,26.65,27.13,27.03,27.03
CES3133450003,36.82,37.17,36.68,37.25,37.41,37.53,37.33,37.68,37.96,38.03,37.96,37.70
CES3133451303,32.70,33.21,33.28,33.47,33.93,33.35,33.75,33.56,33.96,33.55,33.58,33.82
CES3133500003,25.68,25.51,25.64,25.83,26.14,25.93,26.13,25.88,26.17,26.46,25.83,26.34
CES3133530003,25.66,25.72,25.98,26.55,26.64,26.66,27.00,26.87,27.23,27.52,26.62,27.07
CES3133590003,26.85,26.63,26.66,26.61,26.65,26.56,26.50,26.03,26.30,26.34,26.11,26.50
CES3133600003,30.48,30.34,30.32,30.32,30.64,30.52,30.65,30.66,30.44,30.90,30.78,30.80
CES3133600103,25.40,25.30,25.27,25.12,25.40,25.46,25.76,25.55,25.40,25.91,25.70,25.75
CES3133610003,32.90,32.39,31.79,31.73,32.74,33.83,34.22,33.30,32.28,33.52,33.57,33.71
CES3133620003,21.19,20.85,20.86,20.83,20.94,20.89,21.13,20.88,20.97,21.11,21.37,21.49
CES3133621103,21.02,20.73,20.54,20.61,20.68,20.64,21.10,20.70,20.74,21.04,21.20,21.33
CES3133630003,23.55,23.70,23.74,23.70,23.66,23.57,23.77,23.71,23.75,23.92,23.75,23.84
CES3133631003,25.46,26.01,25.68,25.57,25.48,25.79,25.72,25.79,25.75,26.13,25.91,26.15
CES3133632003,21.78,21.54,21.52,21.66,21.59,21.63,21.68,21.71,21.76,21.69,21.78,21.74
CES3133637003,26.18,26.49,26.15,26.38,26.43,25.96,25.66,25.37,25.17,25.51,25.25,25.10
CES3133639003,21.92,22.30,22.34,22.47,22.48,22.29,22.37,22.29,22.22,22.34,22.31,22.16
CES3133640003,42.93,42.57,42.73,42.75,43.22,42.60,42.84,42.94,42.76,43.09,42.98,43.11
CES3133641103,45.02,44.98,45.22,45.05,45.79,45.01,45.26,45.14,45.03,45.20,45.31,45.20
CES3133700003,20.04,20.17,20.42,20.57,20.53,20.49,20.67,20.79,20.84,20.98,20.87,21.05
CES3133710003,18.71,18.88,19.03,19.24,19.18,19.29,19.44,19.50,19.47,19.62,19.67,19.77
CES3133711003,19.50,19.78,20.02,20.46,20.29,20.28,20.66,20.79,20.76,20.85,20.95,21.03
CES3133712003,18.15,18.11,18.14,18.14,18.22,18.28,18.29,18.31,18.28,18.49,18.52,18.64
CES3133712103,16.68,16.76,16.87,16.85,17.02,17.18,17.24,17.17,17.49,17.47,17.53,17.54
CES3133721503,21.29,21.23,21.32,21.36,21.47,21.25,21.37,21.45,21.35,21.26,21.07,21.23
CES3133900003,25.20,25.24,25.03,25.17,25.06,25.08,25.06,25.07,25.11,25.20,25.18,25.41
CES3133910003,27.35,27.70,27.07,27.41,26.95,26.90,27.00,27.02,27.17,27.19,27.13,27.40
CES3133911303,26.09,25.87,25.52,25.43,25.60,25.09,25.16,25.49,25.46,25.76,25.21,25.49
CES3133911603,22.62,22.93,22.81,22.81,22.56,22.86,23.05,22.97,23.05,22.83,22.75,22.76
CES3133990003,22.85,22.71,22.75,22.78,22.83,22.91,22.86,22.85,22.83,22.96,23.02,23.20
CES3133995003,21.93,21.89,21.82,21.68,22.04,22.31,22.47,22.40,22.17,22.41,22.71,23.25
CES3133999003,23.90,23.65,23.85,23.79,23.68,23.57,23.33,23.56,23.78,23.51,23.20,23.56
CES3200000003,23.27,23.29,23.42,23.61,23.71,23.70,23.78,23.79,23.95,24.08,24.03,24.13
CES3231100003,19.68,19.68,19.79,19.91,20.00,20.03,20.08,20.10,20.18,20.40,20.37,20.41
CES3231130003,22.35,21.97,21.74,21.65,21.75,21.96,21.52,21.92,22.08,23.03,22.71,22.43
CES3231140003,20.05,20.18,20.38,20.85,20.65,20.86,20.79,20.94,21.23,21.65,21.78,21.92
CES3231141003,18.26,18.36,18.25,18.58,18.51,18.82,18.86,18.84,18.93,19.20,18.95,18.98
CES3231142003,22.04,22.18,22.66,23.39,22.93,22.83,22.54,23.07,23.38,24.34,24.89,25.19
CES3231150003,24.84,24.76,25.13,25.19,25.18,25.28,25.28,25.34,25.42,25.32,25.74,25.61
CES3231160003,16.52,16.43,16.53,16.67,16.82,16.79,16.85,16.97,16.88,17.03,16.98,17.04
CES3231161103,17.47,17.28,17.53,17.66,17.88,17.91,17.69,17.90,18.02,17.95,18.11,18.15
CES3231161303,18.68,18.49,18.61,18.84,18.99,19.05,19.46,19.29,19.22,19.17,19.27,19.39
CES3231161503,14.65,14.66,14.64,14.79,14.74,14.85,14.83,15.05,14.91,15.00,15.03,15.00
CES3231170003,18.58,18.34,18.30,18.23,18.53,17.35,17.67,17.51,17.39,17.61,17.39,17.40
CES3231180003,18.87,18.96,18.93,19.03,19.02,19.03,19.07,19.03,19.13,19.12,19.02,19.10
CES3231181003,18.71,18.82,18.56,18.71,18.60,18.53,18.55,18.50,18.54,18.47,18.41,18.43
CES3231181103,13.91,13.96,13.71,14.00,14.06,14.04,13.96,13.83,13.79,13.73,13.88,13.89
CES3231181303,20.77,20.79,20.62,20.63,20.51,20.44,20.50,20.53,20.56,20.52,20.43,20.47
CES3231183003,19.33,19.18,19.89,20.03,20.13,20.48,20.53,20.26,20.72,20.68,20.62,20.91
CES3231190003,22.08,22.16,22.52,22.37,22.67,22.70,22.99,22.93,23.22,23.71,23.77,23.91
CES3231300003,19.38,19.63,19.54,19.84,20.03,20.06,20.08,20.05,19.92,20.01,19.78,20.26
CES3231320003,21.67,21.53,21.42,22.01,22.29,22.23,22.46,22.42,22.68,22.90,22.56,22.85
CES3231400003,16.72,16.73,16.87,16.90,17.02,16.91,16.71,16.92,16.94,16.84,17.15,17.19
CES3231500003,18.08,17.81,17.88,17.94,17.97,18.15,17.93,17.91,17.78,17.91,17.97,18.09
CES3232200003,26.93,26.85,26.87,26.76,26.75,26.87,26.74,26.89,26.76,26.69,26.52,26.49
CES3232210003,30.91,29.97,30.11,29.97,29.94,30.06,30.06,30.55,30.20,30.13,29.95,29.75
CES3232220003,25.36,25.70,25.61,25.50,25.49,25.56,25.42,25.57,25.56,25.47,25.19,25.24
CES3232221003,23.30,23.58,24.13,23.95,23.96,23.94,24.04,23.67,23.92,24.05,23.94,23.99
CES3232221103,23.64,23.80,24.27,24.29,24.25,24.24,24.35,24.15,24.41,24.56,24.12,24.09
CES3232222003,28.45,28.37,28.09,27.86,27.76,28.02,27.44,26.49,26.78,26.68,26.54,26.55
CES3232300003,22.55,22.70,22.78,22.85,22.93,22.96,23.09,22.95,23.06,23.09,23.17,23.34
CES3232400003,40.59,40.80,41.07,41.97,42.37,41.08,41.32,41.74,42.14,42.50,41.96,41.98
CES3232500003,30.59,30.55,30.66,31.36,31.62,31.53,31.96,31.72,32.23,32.49,32.37,32.71
CES3232510003,33.94,33.91,33.96,34.49,34.49,34.70,34.98,34.43,35.03,35.32,35.65,36.04
ES3232520003,29.61,30.00,29.52,29.73,30.21,30.07,30.53,30.51,30.66,30.83,30.64,30.78
CES3232540003,34.37,34.13,34.60,35.43,36.12,35.67,36.18,35.75,36.58,37.15,36.57,36.89
CES3232560003,24.83,24.71,24.43,24.64,24.74,24.79,25.14,25.20,25.47,25.50,25.53,25.66
CES3232590003,27.11,27.04,27.57,27.89,28.16,28.44,29.47,28.67,29.12,29.12,29.53,29.91
CES3232600003,20.95,21.03,21.14,21.20,21.25,21.27,21.20,21.24,21.29,21.33,21.31,21.39
CES3232610003,21.25,21.28,21.32,21.43,21.47,21.45,21.43,21.45,21.54,21.55,21.48,21.59
CES3232611003,22.78,22.63,22.80,22.66,22.47,22.67,22.36,22.16,23.12,21.97,22.31,21.96
CES3232615003,20.10,19.92,19.81,20.32,20.39,20.38,20.65,20.82,21.15,21.15,21.25,21.51
CES3232619003,20.77,20.91,20.89,20.98,21.05,20.95,20.98,20.83,20.81,21.01,20.90,21.15
CES3232620003,19.69,20.05,20.46,20.28,20.31,20.49,20.32,20.40,20.31,20.40,20.53,20.53
CES3232900003,22.84,23.00,23.46,23.44,23.44,23.67,23.91,24.21,24.39,24.68,24.68,24.60
CES4000000003,22.09,22.10,22.20,22.23,22.26,22.35,22.39,22.44,22.45,22.52,22.57,22.54
CES4142000003,29.02,29.10,29.31,29.40,29.46,29.50,29.69,29.70,29.73,29.78,29.79,29.91
CES4142300003,28.76,28.79,29.03,29.24,29.35,29.49,29.57,29.62,29.69,29.80,29.68,29.83
CES4142310003,24.93,24.39,24.47,24.45,24.25,24.25,24.21,24.08,23.84,23.84,24.04,24.13
CES4142311003,26.49,25.71,26.01,26.19,26.08,26.21,26.16,26.18,25.91,25.90,26.17,26.53
CES4142312003,24.19,23.71,23.99,24.00,23.79,23.87,23.74,23.69,23.42,23.44,23.75,23.77
CES4142320003,24.94,24.97,24.98,25.32,25.55,25.68,25.75,25.77,26.14,26.05,26.59,26.80
CES4142330003,25.09,25.16,25.42,25.57,25.57,25.46,25.48,25.35,25.70,25.44,25.29,25.26
CES4142331003,24.78,24.82,25.08,25.33,25.45,25.35,25.61,25.56,25.67,25.52,25.56,25.53
CES4142332003,24.89,24.75,25.18,25.60,25.32,25.16,25.06,25.03,25.27,25.30,25.07,25.13
CES4142339003,25.85,26.22,26.21,26.09,25.96,25.85,25.69,25.36,25.86,25.49,25.10,24.81
CES4142340003,34.55,35.05,35.62,36.06,36.37,36.91,37.18,37.21,37.69,38.07,37.74,37.90
CES4142342003,28.67,29.33,29.29,30.50,30.50,30.46,31.53,31.22,31.64,32.11,31.28,31.41
CES4142343003,41.92,42.76,43.40,43.94,44.63,45.86,45.60,46.40,46.90,48.19,47.64,47.57
CES4142345003,32.98,33.20,33.91,33.72,33.69,34.04,34.55,33.96,34.48,34.47,34.15,34.55
CES4142349003,28.30,28.60,28.42,29.05,29.28,29.32,29.81,29.74,30.00,29.94,29.94,30.03
CES4142350003,26.89,27.20,27.23,27.25,27.18,26.96,27.02,26.97,26.87,26.95,26.85,26.82
CES4142360003,31.78,31.91,32.13,32.75,32.91,33.08,33.22,33.22,33.49,33.18,33.60,33.97
CES4142361003,29.11,29.19,29.63,30.02,30.13,30.43,30.52,30.88,31.02,30.92,31.13,31.55
CES4142369003,34.48,34.75,34.64,35.31,35.47,35.76,35.82,35.50,35.83,35.50,36.07,36.35
CES4142370003,27.42,27.33,27.43,27.62,27.64,27.70,27.82,27.92,27.96,27.91,28.06,28.14
CES4142371003,27.21,27.05,27.15,27.38,27.42,27.54,27.58,27.17,27.41,27.54,27.40,27.53
CES4142372003,27.36,27.09,27.00,27.16,27.01,27.04,27.14,27.42,27.40,26.94,27.08,27.57
CES4142374003,27.59,27.79,28.05,28.40,28.66,28.85,29.02,29.28,29.40,29.55,29.65,29.63
CES4142380003,28.19,28.18,28.42,28.53,28.57,28.46,28.53,28.62,28.59,28.62,28.44,28.49
CES4142381003,29.25,29.44,29.80,29.80,29.85,29.47,29.75,29.42,30.03,30.39,29.77,29.90
CES4142382003,24.77,24.47,24.56,24.14,24.41,24.30,24.33,24.40,24.45,24.49,24.28,24.30
CES4142383003,30.02,30.08,30.41,30.58,30.75,30.52,30.48,30.82,30.51,30.66,30.42,30.22
CES4142384003,26.41,26.10,26.00,26.43,26.21,26.11,26.35,25.77,26.19,25.66,26.21,26.94
CES4142385003,23.81,23.67,24.44,24.52,24.44,24.56,24.75,25.38,24.83,24.71,24.77,24.46
CES4142386003,30.89,30.92,30.56,30.71,31.24,31.31,31.23,31.69,31.70,31.92,31.49,31.81
CES4142390003,24.80,24.58,24.58,24.58,24.62,24.48,24.62,24.55,24.81,24.81,24.81,24.86
CES4142391003,25.86,25.58,25.39,25.54,25.58,25.45,25.54,25.79,25.69,25.66,25.94,25.89
CES4142393003,20.09,20.24,20.43,20.42,20.56,20.39,20.69,20.76,20.76,20.88,20.99,21.04
CES4142394003,27.70,27.27,26.94,27.91,28.38,28.48,29.43,29.45,30.43,30.26,30.75,31.18
CES4142399003,28.29,27.94,27.81,27.51,27.16,26.77,26.53,26.11,26.44,26.13,25.93,26.06
CES4142400003,25.17,25.19,25.36,25.35,25.35,25.42,25.45,25.39,25.43,25.47,25.45,25.58
CES4142410003,28.98,27.86,28.96,28.46,28.31,28.40,28.44,28.37,28.63,28.54,28.13,28.68
CES4142420003,34.48,34.47,34.50,34.46,34.11,33.97,34.18,33.67,33.81,33.61,33.19,33.82
CES4142430003,27.52,27.20,27.24,27.09,26.94,26.97,27.42,26.82,26.67,26.78,26.56,26.77
CES4142440003,22.85,23.07,23.16,23.29,23.41,23.48,23.35,23.37,23.37,23.34,23.37,23.47
CES4142441003,24.64,24.69,24.76,24.73,24.62,24.68,24.57,24.73,24.58,24.68,24.76,25.01
CES4142448003,19.09,19.38,19.34,19.48,19.86,20.06,19.98,20.04,20.10,19.98,19.65,19.88
CES4142450003,21.63,21.61,21.77,21.55,21.38,21.31,21.22,21.12,21.65,21.25,21.55,21.63
CES4142451003,21.56,21.87,21.83,21.67,21.70,21.59,21.47,21.46,21.68,21.46,21.81,22.02
CES4142460003,29.70,29.21,29.44,29.53,29.42,29.65,29.50,29.33,29.44,29.54,29.46,29.67
CES4142470003,26.76,27.00,26.95,27.30,27.14,27.27,27.22,26.72,26.72,27.23,27.57,27.06
CES4142480003,25.26,25.36,25.73,25.70,26.15,26.36,26.37,26.50,26.59,26.69,26.97,26.91
CES4142490003,21.06,21.18,21.44,21.27,21.34,21.29,21.59,21.63,21.72,21.77,21.94,22.07
CES4142491003,21.65,21.58,21.69,21.75,21.78,21.68,22.15,21.91,21.73,21.66,21.68,21.90
CES4142493003,17.75,17.88,17.36,17.54,17.19,17.24,17.44,17.42,17.59,17.63,17.75,17.90
CES4142500003,38.96,39.35,39.68,39.54,39.59,39.28,39.97,40.02,40.02,40.05,40.36,40.34
CES4142511003,30.20,29.84,30.41,30.27,30.41,30.45,31.83,32.20,32.94,32.99,33.04,33.40
CES4142512003,39.32,39.72,40.04,39.91,39.96,39.64,40.30,40.23,40.32,40.33,40.67,40.62
CES4200000003,17.75,17.76,17.82,17.81,17.85,17.91,17.89,17.93,17.91,17.95,18.07,17.97
CES4244100003,22.56,22.60,22.73,22.82,22.97,23.00,23.15,23.09,23.15,23.19,23.16,23.19
CES4244110003,24.82,24.94,24.99,25.11,25.26,25.24,25.67,25.51,25.46,25.58,25.45,25.51
CES4244111003,25.40,25.52,25.58,25.71,25.89,25.88,26.43,26.24,26.17,26.25,26.14,26.23
CES4244112003,20.23,20.77,20.70,20.96,20.60,20.72,20.53,20.46,20.47,20.42,20.53,20.32
CES4244120003,20.25,20.17,20.96,21.32,21.24,20.69,20.60,20.70,20.44,20.72,21.01,20.73
CES4244130003,18.01,17.88,18.01,18.03,18.08,18.16,18.26,18.11,18.38,18.35,18.47,18.54
CES4244131003,18.24,17.92,18.13,18.19,18.24,18.32,18.44,18.21,18.62,18.63,18.71,18.74
CES4244132003,17.65,17.80,17.78,17.79,17.85,17.87,17.90,17.90,17.93,17.83,18.08,18.14
CES4244200003,20.07,19.96,20.08,20.07,20.11,20.05,20.27,20.33,20.43,20.47,20.39,20.53
CES4244210003,21.13,20.45,20.82,20.77,20.87,20.90,21.10,21.06,21.10,21.33,21.09,21.22
CES4244220003,19.01,19.36,19.25,19.33,19.37,19.10,19.45,19.54,19.71,19.49,19.57,19.82
CES4244221003,22.20,21.99,22.09,22.19,22.30,22.14,22.32,22.39,22.60,22.52,23.03,22.91
CES4244229003,17.10,17.96,17.65,17.81,17.79,17.53,17.87,18.05,18.13,17.96,17.75,18.13
CES4244300003,24.38,24.50,24.44,24.70,24.48,24.22,24.06,24.13,23.93,25.05,24.68,24.65
CES4244314103,18.92,18.47,18.96,19.21,19.30,19.42,19.23,19.03,19.42,19.59,19.50,19.71
CES4244314203,25.00,25.17,25.06,25.24,25.09,24.78,24.61,24.71,24.44,25.74,25.28,25.22
CES4244400003,17.17,17.13,17.20,17.22,17.25,17.18,17.26,17.26,17.37,17.46,17.46,17.43
CES4244410003,17.13,17.10,17.17,17.18,17.22,17.12,17.22,17.20,17.34,17.44,17.39,17.37
CES4244411003,16.11,16.13,16.32,16.33,16.41,16.29,16.38,16.46,16.51,16.55,16.59,16.56
CES4244413003,15.51,15.69,15.66,15.81,15.72,15.81,15.86,15.90,15.79,15.84,15.82,15.85
CES4244420003,17.45,17.48,17.49,17.57,17.53,17.51,17.50,17.50,17.50,17.50,17.89,17.80
CES4244421003,18.28,18.45,18.36,18.57,19.08,18.97,19.02,19.01,19.24,19.56,19.60,19.90
CES4244422003,17.25,17.26,17.19,17.19,17.09,17.05,17.09,17.10,17.13,17.12,17.34,17.29
CES4244500003,14.49,14.47,14.58,14.50,14.53,15.08,14.47,14.56,14.52,14.58,14.65,14.57
CES4244510003,14.40,14.39,14.52,14.42,14.45,15.07,14.39,14.48,14.43,14.50,14.57,14.48
CES4244511003,14.57,14.57,14.70,14.60,14.64,15.30,14.59,14.69,14.61,14.69,14.70,14.68
CES4244512003,11.79,11.78,11.74,11.76,11.61,11.64,11.59,11.60,11.60,11.66,11.67,11.68
CES4244520003,14.97,14.83,14.81,14.75,14.77,14.74,14.73,14.73,14.74,14.77,14.77,14.68
CES4244522003,15.93,15.77,15.34,15.04,15.16,15.28,15.20,14.98,14.97,15.01,14.76,14.77
CES4244530003,15.39,15.50,15.61,15.61,15.80,15.87,15.35,15.71,15.79,15.88,15.93,15.83
CES4244600003,21.88,21.80,21.80,21.88,21.90,21.97,22.04,21.96,21.87,21.94,22.05,21.98
CES4244611003,23.35,23.34,23.29,23.40,23.49,23.55,23.60,23.51,23.40,23.45,23.62,23.61
CES4244612003,16.72,16.64,16.68,17.18,17.00,17.09,17.04,16.84,17.13,17.33,17.16,17.39
CES4244613003,20.18,19.92,20.01,19.45,19.46,19.68,19.69,19.53,19.39,19.35,19.45,19.39
CES4244619003,19.34,19.14,18.98,18.70,18.84,18.84,18.71,18.80,18.65,18.77,18.62,18.81
CES4244700003,12.91,12.97,12.97,12.98,12.92,13.02,13.02,12.97,12.89,12.99,13.06,13.09
CES4244711003,12.82,12.86,12.89,12.88,12.82,12.90,12.90,12.86,12.75,12.88,12.96,12.97
CES4244719003,13.51,13.84,13.64,13.80,13.79,13.88,13.90,13.85,13.89,13.85,13.85,13.93
CES4244800003,16.42,16.41,16.50,16.59,16.58,16.53,16.71,16.77,16.80,16.85,16.83,16.72
CES4244810003,15.59,15.63,15.66,15.73,15.73,15.80,15.90,15.95,15.97,16.05,15.98,15.79
CES4244811003,17.69,18.09,18.38,18.10,18.32,18.46,18.36,19.63,19.66,19.49,19.03,18.83
CES4244812003,15.82,15.68,15.77,15.87,15.81,15.65,15.75,15.66,15.59,15.59,15.51,15.34
CES4244814003,14.71,14.91,14.93,15.07,15.03,15.13,15.27,15.45,15.52,15.64,15.68,15.36
CES4244815003,15.27,14.82,15.02,14.46,14.98,15.46,15.77,15.87,15.87,16.47,17.11,16.74
CES4244820003,16.62,16.74,17.32,17.47,17.36,17.37,17.42,17.67,17.60,17.56,17.63,17.71
CES4244830003,20.58,20.33,20.20,20.18,20.08,19.50,19.84,20.05,20.20,20.25,20.04,20.17
CES4245100003,15.89,16.02,16.19,16.21,16.23,16.30,16.44,16.44,16.68,16.89,16.84,16.64
CES4245110003,16.11,16.18,16.36,16.38,16.34,16.39,16.55,16.58,16.76,16.96,16.90,16.68
CES4245111003,16.51,16.67,16.84,16.87,16.82,16.84,17.01,16.95,17.27,17.48,17.20,17.10
CES4245112003,13.51,13.61,13.59,13.86,14.02,14.00,14.15,14.30,14.41,14.56,14.92,14.64
CES4245120003,14.70,14.96,15.06,15.14,15.39,15.73,16.03,15.39,16.31,16.46,16.55,16.44
CES4245200003,15.17,15.26,15.22,15.23,15.24,15.28,15.22,15.31,15.28,15.21,15.47,15.33
CES4245300003,16.63,16.56,16.61,16.60,16.73,16.76,16.69,16.84,16.72,16.77,16.68,16.75
CES4245310003,12.72,13.02,12.99,13.01,13.06,13.07,13.09,13.16,13.04,13.27,13.09,13.31
CES4245320003,17.81,18.07,18.18,17.85,17.82,17.81,17.52,17.67,17.67,17.70,17.66,17.83
CES4245321003,21.93,21.92,22.03,21.34,21.25,21.36,20.72,20.77,20.67,20.70,20.65,20.68
CES4245322003,14.01,14.27,14.38,14.47,14.62,14.56,14.70,14.94,15.07,15.12,15.25,15.51
CES4245330003,14.02,13.58,13.78,13.89,13.98,14.22,14.18,14.27,14.45,14.49,14.55,14.78
CES4245390003,17.78,17.45,17.67,17.79,18.00,17.94,17.96,18.04,17.81,17.75,17.54,17.56
CES4245391003,16.92,16.90,17.02,16.94,16.93,17.38,17.13,17.41,16.70,16.69,16.38,16.29
CES4245400003,26.36,26.39,26.41,26.51,26.13,26.05,26.02,25.80,25.79,25.86,25.36,25.73
CES4245410003,27.97,27.97,27.98,28.10,27.67,27.46,27.54,27.26,27.22,27.30,26.70,27.32
CES4245411203,31.90,31.77,31.78,31.98,31.00,30.84,30.89,30.37,30.12,30.01,28.98,29.12
CES4245411303,21.19,21.46,21.46,21.31,21.41,21.47,21.54,21.84,21.86,22.10,22.25,22.56
CES4300000003,23.06,23.05,23.04,23.08,23.06,23.26,23.29,23.36,23.41,23.44,23.48,23.50
CES4348100003,33.04,32.82,32.71,32.84,33.10,33.65,33.51,33.85,34.17,34.03,33.67,33.75
CES4348400003,22.79,22.66,22.69,22.77,22.70,22.75,22.74,22.70,22.75,22.72,22.74,22.83
CES4348410003,23.15,22.99,22.97,23.11,22.99,23.02,23.02,22.92,23.07,23.00,23.04,23.16
CES4348411003,22.38,22.30,22.23,22.08,22.04,22.02,21.27,21.50,21.63,21.38,21.38,21.56
CES4348412003,23.30,23.22,23.21,23.43,23.25,23.35,23.55,23.41,23.53,23.53,23.55,23.67
CES4348412103,23.10,22.86,22.79,22.89,22.67,22.86,23.14,22.87,22.93,22.84,22.82,23.06
CES4348412203,23.80,23.91,24.04,24.47,24.34,24.30,24.40,24.46,24.68,24.93,25.07,24.92
CES4348420003,21.94,21.91,22.01,22.07,22.11,22.22,22.10,22.14,22.02,22.02,22.10,22.10
CES4348421003,20.73,20.78,21.00,21.19,21.14,21.29,21.20,21.09,20.72,20.94,21.22,21.32
CES4348422003,20.89,21.14,21.08,21.27,21.30,21.51,21.49,21.55,21.45,21.53,21.48,20.99
CES4348423003,24.30,23.64,23.94,23.64,23.86,23.82,23.80,24.00,23.80,23.66,23.75,24.36
CES4348500003,17.68,17.59,17.77,17.72,17.72,17.93,18.10,18.07,18.03,17.99,18.09,18.13
CES4348540003,18.15,18.16,18.14,18.05,18.35,18.66,17.94,17.87,18.28,18.29,18.16,18.03
CES4348590003,15.42,15.35,15.54,15.49,15.47,15.47,15.73,15.80,15.74,15.72,15.77,15.70
CES4348600003,42.31,42.13,42.11,42.70,42.18,42.83,42.80,42.35,42.45,42.01,41.91,42.27\
CES4348800003,23.79,23.85,23.86,23.89,23.94,24.10,24.19,24.24,24.34,24.40,24.37,24.46
CES4348810003,22.02,22.11,22.11,22.17,22.21,22.33,22.80,22.44,22.63,22.69,22.72,22.70
CES4348811003,15.60,15.59,15.71,15.79,15.81,15.82,15.81,15.78,15.82,15.75,15.78,15.89
CES4348830003,31.37,31.76,31.10,31.59,31.46,32.17,31.65,32.10,31.99,31.71,32.23,32.56
CES4348840003,18.00,18.08,18.05,18.10,18.27,18.17,18.07,18.42,18.45,18.41,18.17,18.14
CES4348841003,17.75,17.46,17.44,17.16,17.39,17.19,17.16,17.55,17.52,17.44,17.35,17.45
CES4348850003,25.80,25.80,26.07,26.04,26.19,26.24,26.41,26.53,26.73,27.01,26.92,27.01
CES4348890003,21.59,21.70,21.26,20.95,21.23,21.70,21.22,21.21,21.43,21.08,21.25,21.13
CES4349200003,18.60,18.92,19.16,19.51,19.42,19.70,19.81,20.19,20.37,20.71,20.82,20.66
CES4349300003,18.64,18.66,18.57,18.73,18.75,18.87,18.99,19.04,18.96,19.19,19.37,19.30
CES4349311003,18.38,18.42,18.30,18.46,18.51,18.60,18.74,18.80,18.72,18.95,19.08,19.01
CES4349312003,20.96,20.89,20.60,20.95,20.82,21.04,21.09,20.91,20.92,21.01,21.15,21.20
CES4349319003,20.02,20.12,20.38,20.34,20.27,20.49,20.71,20.67,20.95,20.97,21.62,22.06
CES4422000003,37.89,37.73,37.99,38.22,38.24,38.47,38.51,38.33,38.35,39.07,38.33,38.72
CES4422110003,39.16,38.94,39.16,39.68,39.79,40.10,40.09,39.88,40.27,41.14,40.48,40.95
CES4422111003,40.59,40.50,40.98,41.49,41.02,41.63,41.63,41.31,42.06,42.31,41.76,42.30
CES4422111203,39.81,39.98,40.40,40.73,40.54,41.09,41.50,41.17,41.80,42.03,42.20,42.19
CES4422112003,38.23,37.85,37.80,38.53,39.03,39.01,39.02,38.73,39.16,40.26,39.42,40.20
CES4422120003,36.26,35.86,37.24,35.70,35.88,36.04,36.23,35.84,34.49,35.27,34.92,34.83
CES4422130003,30.91,30.61,30.97,31.12,30.86,30.72,30.59,30.23,30.17,29.93,29.51,29.78
CES5000000003,36.04,36.19,36.05,36.28,36.56,36.56,36.65,36.82,36.98,37.20,37.31,37.45
CES5051100003,41.74,41.90,41.90,41.95,42.04,42.22,42.34,42.53,42.74,42.99,43.10,42.99
CES5051110003,28.09,28.04,27.91,27.87,27.64,27.56,27.54,27.67,27.58,27.62,27.75,27.45
CES5051111003,22.45,22.49,22.55,22.48,22.36,22.46,22.44,22.69,22.42,22.40,22.82,22.31
CES5051112003,36.74,36.60,36.47,36.28,35.98,35.90,35.65,36.27,36.58,36.77,36.77,36.44
CES5051113003,26.78,27.04,26.78,27.05,26.78,26.91,27.13,26.46,26.87,26.69,26.83,27.04
CES5051120003,55.69,55.80,55.92,55.90,56.25,56.51,56.61,56.83,57.21,57.60,57.86,57.67
CES5051200003,30.58,30.80,31.02,31.71,31.96,31.96,32.24,32.28,32.38,32.34,32.65,32.32
CES5051500003,35.21,35.09,35.05,34.96,34.99,35.03,35.00,35.28,35.28,34.94,35.08,34.98
CES5051511003,34.65,33.94,33.58,33.58,33.33,33.37,33.12,33.52,33.45,32.78,33.17,33.65
CES5051700003,31.51,31.79,31.63,31.94,32.23,32.21,31.89,32.44,32.61,32.98,33.15,33.32
CES5051710003,31.70,32.23,31.90,32.19,32.56,32.45,31.97,32.55,32.69,32.90,33.16,33.21
CES5051720003,28.30,28.74,28.81,29.26,29.60,29.84,30.26,30.63,31.00,31.44,31.58,31.77
CES5051790003,33.95,32.76,33.53,33.74,33.60,33.68,33.78,34.11,34.31,34.54,35.19,35.92
CES5051791103,29.34,27.73,28.47,28.92,29.06,28.47,28.39,28.61,29.08,29.56,29.79,30.40
CES5051800003,37.97,38.10,37.45,38.23,38.55,38.34,38.34,38.30,38.67,39.32,39.66,39.50
CES5051900003,39.59,39.57,39.54,39.60,39.67,40.08,40.72,39.96,39.94,40.16,39.98,41.49
CES5500000003,32.08,32.01,32.13,32.15,32.15,32.12,32.39,32.47,32.55,32.49,32.58,32.71
CES5552200003,29.49,29.41,29.47,29.50,29.55,29.45,29.92,30.00,30.17,30.22,30.30,30.27
CES5552210003,28.86,28.73,28.77,28.69,28.82,28.43,29.14,29.24,29.37,29.46,29.58,29.45
CES5552211003,29.94,29.80,29.84,29.60,29.87,29.29,30.25,30.38,30.51,30.59,30.71,30.55
CES5552212003,27.85,27.61,27.60,28.08,28.04,28.19,28.12,28.19,28.48,28.56,28.64,28.53
CES5552219003,23.83,23.73,23.76,24.18,23.91,24.16,24.09,24.16,24.33,24.41,24.43,24.44
CES5552220003,30.83,30.71,30.82,31.12,31.15,31.17,31.49,31.49,31.79,31.85,31.78,31.82
CES5552221003,32.16,31.98,32.63,33.93,33.82,33.42,34.28,34.00,34.22,34.87,34.54,34.33
CES5552222003,29.58,30.25,30.09,31.12,31.00,31.01,31.60,31.79,32.09,32.02,32.50,32.65
CES5552229003,30.98,30.49,30.51,30.56,30.59,30.68,30.90,30.94,31.23,31.19,31.00,31.01
CES5552229103,23.50,23.16,23.28,23.37,23.17,23.12,23.01,23.19,23.24,23.09,23.07,23.10
CES5552229203,35.94,35.34,35.21,35.34,35.24,35.32,35.69,35.60,35.81,35.50,35.71,35.39
CES5552229803,27.43,26.75,27.07,26.58,27.06,27.15,27.58,27.60,27.67,27.73,27.76,28.05
CES5552230003,30.22,30.27,30.35,30.85,30.84,30.91,31.24,31.37,31.47,31.51,31.71,31.61
CES5552231003,35.56,36.61,36.01,36.28,36.95,38.04,37.21,37.66,38.01,37.91,38.35,37.14
CES5552232003,32.45,31.66,32.58,32.60,32.31,31.53,32.43,32.47,32.36,32.08,32.71,33.14
CES5552239003,21.62,21.68,21.71,22.09,22.17,22.65,22.95,22.96,23.39,23.48,23.15,23.44
CES5552300003,48.95,48.89,49.18,49.10,49.40,49.42,49.96,50.04,50.12,49.68,50.01,50.21
CES5552312003,41.19,40.12,39.23,40.32,41.15,40.47,42.44,42.42,42.73,41.65,42.94,42.83
CES5552320003,48.65,48.25,48.27,48.28,48.90,49.23,50.30,50.31,50.47,50.01,50.49,50.43
CES5552390003,49.30,49.53,49.64,49.88,49.68,49.80,49.71,49.81,49.92,49.76,49.71,49.80
CES5552391003,51.56,52.22,52.26,53.27,53.50,53.12,53.12,53.94,54.84,54.60,56.22,54.99
CES5552392003,52.96,53.42,53.28,53.68,53.81,53.79,53.84,53.79,53.79,54.06,53.96,53.83
CES5552393003,47.71,47.55,47.74,47.18,46.46,46.81,46.35,46.65,46.91,46.15,45.87,46.08
CES5552399003,41.93,42.32,42.95,43.66,44.10,44.44,44.53,44.76,44.91,44.83,44.56,45.08
CES5552400003,34.05,34.03,34.16,34.15,33.99,34.03,34.10,34.35,34.27,34.18,34.38,34.42
CES5552410003,35.77,35.87,35.97,35.97,35.85,35.86,35.90,36.24,36.11,35.96,36.31,36.21
CES5552411003,36.17,36.42,36.45,36.48,36.29,36.31,36.37,36.94,36.78,36.58,36.98,36.84
CES5552412003,34.39,34.26,34.46,34.56,34.46,34.50,34.52,34.61,34.51,34.40,34.70,34.59
CES5552412603,34.06,33.68,34.16,34.32,34.10,34.20,34.13,34.17,34.25,34.18,34.55,34.38
CES5552412803,37.23,37.04,37.02,36.40,35.74,36.56,37.51,36.95,36.27,35.70,35.79,35.98
CES5552413003,63.07,62.20,61.76,60.96,61.38,59.47,59.30,59.23,59.19,58.33,58.85,58.10
CES5552420003,31.47,31.35,31.62,31.47,31.33,31.36,31.42,31.49,31.54,31.53,31.47,31.72
CES5552421003,31.08,30.89,31.28,30.98,30.77,30.76,30.69,30.64,30.61,30.62,30.41,30.67
CES5552429003,32.38,32.36,32.39,32.58,32.67,32.84,33.05,33.45,33.71,33.61,33.81,34.25
CES5552429103,32.27,32.01,32.19,32.48,32.30,32.26,32.06,32.33,32.49,32.33,32.55,32.62
CES5552429203,29.84,29.85,29.90,29.91,29.91,30.04,30.26,30.62,30.87,30.95,30.94,31.51
CES5552429803,39.10,38.78,38.61,39.64,40.00,39.91,40.49,40.75,41.26,40.76,41.08,41.75
CES5553100003,25.06,25.15,25.25,25.39,25.47,25.58,25.48,25.44,25.59,25.65,25.67,25.88
CES5553110003,23.47,23.52,23.50,23.53,23.58,23.62,23.58,23.61,23.71,23.75,23.77,23.84
CES5553111003,20.70,20.65,20.73,20.85,20.87,20.99,20.91,21.14,21.26,21.32,21.55,21.79
CES5553112003,33.13,33.30,32.96,32.83,32.76,32.73,32.60,32.58,32.60,32.26,31.99,31.75
CES5553113003,18.04,18.30,18.22,17.92,18.03,17.98,18.00,17.68,17.61,17.75,18.21,17.96
CES5553119003,19.23,19.36,19.39,19.65,19.69,20.03,20.30,20.13,20.01,20.22,19.93,20.39
CES5553120003,26.39,26.21,26.62,27.17,27.67,28.09,27.73,27.45,27.94,27.85,27.89,27.95
CES5553130003,25.81,26.00,26.04,26.17,26.19,26.08,26.03,26.06,26.11,26.24,26.23,26.64
CES5553131003,24.55,24.80,24.85,25.02,25.02,24.96,24.95,25.01,25.00,25.11,25.19,25.48
CES5553131103,22.30,22.51,22.57,22.67,22.66,22.43,22.44,22.43,22.43,22.55,22.56,22.99
CES5553131203,30.65,30.84,31.00,31.23,31.34,31.92,31.70,31.97,31.91,32.21,32.25,32.36
CES5553132003,28.59,28.71,29.18,29.12,29.30,28.69,28.61,28.39,28.45,28.08,27.68,27.85
CES5553139003,36.05,35.64,35.39,35.36,34.96,34.45,35.00,34.87,35.21,35.44,34.85,36.28
CES5553200003,22.65,22.73,22.76,22.77,22.88,22.96,23.06,23.19,23.18,23.25,23.86,23.79
CES5553210003,20.37,20.57,20.62,20.81,21.17,21.31,21.63,21.48,21.52,21.44,22.63,22.55
CES5553220003,18.02,17.77,17.90,17.31,17.54,17.57,17.39,17.59,17.78,17.72,17.58,17.46
CES5553229103,20.37,20.10,19.70,19.69,19.85,20.29,20.09,20.19,20.34,20.19,20.09,20.08
CES5553230003,23.77,23.81,23.88,23.59,23.48,23.28,23.42,23.25,23.11,22.94,23.55,23.42
CES5553240003,29.86,30.10,30.12,30.41,30.61,30.71,30.88,31.16,30.83,31.10,32.06,32.21
CES5553241003,29.89,30.27,30.04,30.54,30.76,30.98,30.84,31.27,30.60,30.90,32.41,32.44
CES5553249003,29.82,30.04,30.04,30.36,30.35,30.46,30.82,30.94,31.33,31.47,31.52,32.03
CES6000000003,30.52,30.51,30.59,30.68,30.75,30.81,30.91,30.91,30.97,31.04,31.14,31.23
CES6054000003,39.21,39.18,39.27,39.37,39.42,39.52,39.63,39.62,39.77,39.80,39.90,40.01
CES6054110003,40.41,40.25,40.38,40.74,40.76,40.91,41.28,41.02,41.40,41.33,41.21,41.36
CES6054111003,41.76,41.64,41.76,42.06,42.08,42.25,42.63,42.36,42.71,42.68,42.55,42.73
CES6054119003,24.20,24.36,24.56,25.02,25.07,25.12,25.33,25.28,25.46,25.43,25.35,25.08
CES6054119103,23.59,23.94,24.27,24.65,24.53,24.50,24.51,24.46,24.60,24.54,24.42,23.94
CES6054120003,31.03,31.10,31.10,30.95,31.04,31.08,31.16,31.07,30.97,31.08,31.19,31.20
CES6054121103,34.49,34.48,34.32,34.24,34.16,34.21,34.29,34.27,33.96,34.12,34.07,33.99
CES6054121403,30.82,30.83,30.96,31.42,31.06,31.08,30.95,30.52,30.48,30.32,30.50,30.27
CES6054130003,37.67,37.76,37.86,37.93,37.97,38.01,38.02,38.09,38.17,38.18,38.20,38.35
CES6054131003,36.39,36.79,36.74,36.79,36.87,36.97,37.19,37.39,37.44,37.44,37.48,37.22
CES6054132003,29.73,30.31,29.80,29.96,30.40,30.65,31.05,31.13,31.42,31.19,30.58,29.92
CES6054134003,39.95,40.01,40.09,40.21,40.19,40.23,40.16,40.22,40.33,40.35,40.39,40.71
CES6054137003,30.16,30.44,30.29,30.79,31.19,30.89,30.32,30.76,30.93,31.08,30.98,31.15
CES6054138003,31.18,31.19,31.55,31.41,31.57,31.28,31.55,31.47,31.71,31.49,31.35,31.45
CES6054140003,32.23,32.25,32.23,32.39,32.83,32.53,32.32,31.71,32.05,32.18,32.54,32.63
CES6054141003,27.73,28.09,28.31,28.06,28.25,28.43,28.19,27.72,27.91,28.36,29.34,29.48
CES6054143003,31.73,31.74,31.69,31.93,31.95,31.77,31.92,32.26,31.89,32.25,32.12,32.16
CES6054150003,44.95,44.94,44.99,45.13,45.22,45.33,45.35,45.35,45.51,45.60,45.54,45.68
CES6054151103,46.72,46.35,46.42,46.52,46.58,46.65,46.50,46.36,46.58,46.66,46.65,46.80
CES6054151203,44.47,44.55,44.56,44.61,44.74,44.81,44.83,44.88,44.97,45.15,45.12,45.28
CES6054151903,42.07,42.45,42.64,42.80,43.20,43.09,43.31,42.95,43.72,43.19,42.46,42.62
CES6054160003,38.95,38.91,38.87,39.05,39.15,39.10,39.37,39.50,39.61,39.75,39.88,40.09
CES6054161003,39.77,39.69,39.75,40.02,40.10,40.06,40.27,40.35,40.40,40.55,40.62,40.91
CES6054161103,43.36,43.39,43.51,43.68,43.66,43.46,43.84,43.73,43.69,43.82,43.59,44.20
CES6054161303,37.17,37.47,37.66,37.81,37.87,38.35,37.99,38.02,38.31,38.47,39.93,39.78
CES6054161403,27.99,28.14,28.47,28.96,29.18,29.44,29.96,29.95,30.42,30.95,31.76,31.85
CES6054170003,46.82,46.76,46.95,47.01,47.14,47.29,47.51,47.55,47.94,47.67,48.06,48.32
CES6054171003,47.40,47.40,47.57,47.63,47.79,47.97,48.21,48.25,48.68,48.39,48.83,49.03
CES6054171103,47.33,47.63,48.08,47.98,48.43,48.85,49.34,49.75,50.45,49.35,50.16,50.39
CES6054171203,47.43,47.34,47.39,47.51,47.53,47.67,47.87,47.71,47.99,47.95,48.35,48.54
CES6054172003,39.61,39.05,39.15,39.06,38.96,38.67,38.96,38.67,38.71,38.84,38.58,39.09
CES6054180003,38.85,38.90,38.75,38.92,39.03,39.13,39.29,39.47,39.92,39.76,39.46,39.35
CES6054181003,44.35,44.42,43.99,44.27,44.50,44.38,44.50,44.57,44.74,44.67,44.75,45.03
CES6054182003,44.80,44.28,44.39,44.32,44.40,44.23,44.41,44.63,44.82,45.10,44.81,44.67
CES6054186003,26.19,25.89,25.91,26.13,26.42,26.60,26.68,26.69,27.05,27.31,26.79,26.76
CES6054189003,24.14,23.66,23.30,24.43,24.83,25.62,26.37,26.49,26.70,26.79,26.29,26.01
CES6054190003,27.17,27.02,27.26,27.53,27.49,27.61,27.74,27.82,28.00,28.10,28.33,28.61
CES6054191003,40.79,40.03,40.91,40.81,40.98,41.25,41.13,40.98,40.85,40.56,41.66,41.56
CES6054192003,18.23,17.67,17.28,17.82,18.27,18.44,18.53,18.39,18.52,18.71,18.64,19.52
CES6054194003,22.20,22.21,22.37,22.53,22.54,22.47,22.65,22.89,22.88,22.91,22.85,22.91
CES6054199003,31.81,31.82,31.84,32.36,31.98,32.19,32.15,31.84,32.56,32.94,33.13,33.69
CES6055000003,38.20,37.96,38.22,38.17,38.30,38.31,38.05,38.28,38.41,38.69,38.57,38.56
CES6055111203,46.60,47.73,47.36,47.89,48.04,48.14,47.95,47.85,47.79,47.75,47.29,47.80
CES6055111403,37.89,37.59,37.85,37.80,37.93,37.92,37.65,37.92,38.05,38.35,38.24,38.17
CES6056000003,19.28,19.31,19.35,19.45,19.43,19.49,19.54,19.56,19.57,19.62,19.76,19.81
CES6056100003,18.95,18.98,19.02,19.12,19.10,19.17,19.20,19.23,19.23,19.28,19.43,19.48
CES6056110003,32.92,33.14,33.11,33.34,33.32,33.39,33.47,33.52,33.82,33.81,33.72,33.69
CES6056120003,21.55,21.52,22.24,21.87,21.94,22.24,22.40,22.67,22.50,22.42,22.72,22.48
CES6056130003,17.91,17.92,17.93,18.01,17.97,18.02,17.98,18.02,18.02,18.11,18.15,18.19
CES6056131003,25.88,25.40,25.89,26.17,25.93,25.68,25.51,25.63,25.29,25.44,25.80,25.86
CES6056132003,16.82,16.84,16.83,16.85,16.81,16.87,16.84,16.86,16.87,16.99,16.98,17.04
CES6056133003,20.15,20.43,20.31,20.47,20.61,20.73,20.88,20.99,20.80,20.92,21.53,21.47
CES6056140003,19.39,19.21,19.24,19.40,19.28,19.37,19.44,19.51,19.57,19.60,19.77,19.87
CES6056141003,20.66,20.01,19.63,19.83,18.80,18.93,19.07,18.64,18.64,18.45,18.91,18.88
CES6056142003,17.41,17.36,17.36,17.40,17.40,17.41,17.44,17.55,17.56,17.68,17.66,17.64
CES6056143003,20.10,20.10,20.11,20.32,20.33,20.51,20.04,20.27,20.35,20.13,20.32,20.09
CES6056144003,20.90,20.61,20.87,21.12,21.07,20.93,21.10,21.22,21.64,21.57,22.04,22.26
CES6056150003,25.64,25.86,25.90,26.24,26.22,26.28,26.61,26.51,26.45,26.59,26.35,26.20
CES6056151003,25.55,25.92,25.53,25.49,25.35,25.28,25.00,24.65,24.56,24.39,24.19,24.25
CES6056160003,16.20,16.25,16.34,16.42,16.43,16.64,16.60,16.65,16.68,16.81,17.82,17.87
CES6056161003,14.40,14.44,14.45,14.56,14.59,14.72,14.71,14.69,14.73,14.93,16.06,16.07
CES6056162003,25.33,25.30,25.68,25.56,25.34,26.04,25.88,26.12,26.27,26.08,26.31,26.56
CES6056170003,16.32,16.41,16.44,16.56,16.60,16.68,16.70,16.74,16.76,16.79,16.74,16.78
CES6056171003,22.53,22.71,22.73,22.55,22.85,23.15,23.49,23.03,22.98,23.15,22.81,22.72
CES6056172003,13.92,14.06,14.14,14.14,14.18,14.23,14.26,14.36,14.33,14.30,14.32,14.29
CES6056173003,17.69,17.68,17.64,17.92,17.96,17.99,18.04,18.04,18.14,18.16,18.15,18.35
CES6056174003,17.36,17.55,17.30,17.57,17.68,17.72,17.75,17.89,17.32,17.49,17.40,17.31
CES6056179003,19.13,19.19,19.31,19.43,19.44,19.42,19.33,19.53,19.68,19.80,19.56,19.57
CES6056190003,23.99,23.83,23.81,23.92,24.07,23.99,24.20,24.28,24.21,24.07,23.87,23.91
CES6056191003,17.78,18.08,18.06,18.40,18.38,18.51,18.79,18.73,18.52,18.63,18.46,18.16
CES6056192003,31.74,32.14,32.31,32.47,32.26,32.08,32.11,32.41,32.83,32.72,32.65,32.34
CES6056199003,24.18,23.55,23.46,23.35,23.67,23.59,23.84,23.84,23.62,23.39,23.24,23.33
CES6056200003,25.15,25.05,25.06,25.18,25.21,25.28,25.51,25.29,25.40,25.45,25.49,25.57
CES6056210003,21.72,21.69,21.76,21.75,21.95,21.96,22.02,22.00,22.06,22.05,21.89,21.82
CES6056220003,29.84,29.61,29.27,29.74,28.99,29.52,29.94,29.42,29.65,29.71,29.90,30.18
CES6056290003,25.76,25.67,25.87,25.99,26.19,26.23,26.32,26.28,26.35,26.38,26.63,26.83
CES6500000003,25.54,25.56,25.60,25.67,25.70,25.69,25.75,25.76,25.87,25.96,25.91,26.02
CES6562000003,25.80,25.82,25.83,25.91,25.93,25.91,25.96,25.98,26.11,26.21,26.15,26.26
CES6562000103,27.90,27.91,27.93,28.00,28.03,28.02,28.07,28.08,28.20,28.29,28.25,28.35
CES6562100003,30.73,30.66,30.74,30.94,30.97,30.92,31.03,30.96,31.11,31.28,31.05,31.21
CES6562110003,39.18,39.08,39.20,39.55,39.67,39.62,39.68,39.73,39.91,40.12,39.85,40.03
CES6562111103,39.38,39.30,39.40,39.75,39.87,39.79,39.89,39.95,40.11,40.33,40.09,40.20
CES6562111203,28.42,29.15,29.54,30.10,29.21,28.47,29.25,29.18,29.71,29.89,30.14,30.28
CES6562120003,30.45,30.46,30.61,30.71,30.73,30.64,30.94,30.93,31.26,31.58,31.31,31.56
CES6562130003,25.42,25.32,25.49,25.52,25.51,25.54,25.64,25.55,25.71,25.75,25.55,25.63
CES6562131003,22.58,22.66,22.70,22.44,22.42,22.25,22.48,22.37,22.99,23.16,23.11,22.86
CES6562132003,22.49,22.37,22.31,22.31,22.40,22.39,22.59,22.57,22.58,22.50,22.14,22.80
CES6562133003,24.07,23.31,23.32,23.38,23.35,23.65,23.23,23.21,23.42,23.64,23.43,23.35
CES6562134003,27.54,27.43,27.63,27.69,27.60,27.74,27.75,27.58,27.79,27.79,27.72,27.80
CES6562139003,26.59,26.88,27.02,27.19,27.29,26.98,27.54,27.10,26.81,27.21,26.62,26.90
CES6562140003,28.61,28.64,28.49,28.70,28.55,28.53,28.58,28.52,28.54,28.40,28.20,28.83
CES6562142003,21.68,21.71,21.72,21.87,22.05,21.81,21.72,21.92,22.08,22.04,22.04,22.16
CES6562149003,31.13,31.15,30.92,31.16,30.89,30.95,31.02,30.86,30.81,30.65,30.36,31.25
CES6562149303,31.58,31.71,31.40,31.57,30.97,30.89,31.40,30.75,30.71,30.42,29.57,30.87
CES6562149803,30.04,29.96,29.67,30.15,30.18,30.43,30.50,30.29,30.25,30.20,30.05,30.94
CES6562150003,29.33,29.30,29.40,29.66,29.71,29.40,29.05,29.21,29.43,29.45,29.43,29.53
CES6562151103,28.72,28.64,28.97,29.30,29.51,29.31,29.06,29.04,29.31,29.39,29.48,29.30
CES6562151203,31.28,31.24,30.69,30.57,30.28,29.74,29.29,29.70,29.80,29.56,29.45,29.92
CES6562160003,19.19,19.31,19.38,19.41,19.51,19.56,19.55,19.53,19.55,19.55,19.59,19.53
CES6562190003,22.53,22.44,22.53,22.62,22.69,22.63,22.67,22.76,22.65,22.94,22.97,23.02
CES6562191003,18.85,18.92,18.78,18.81,18.89,18.82,18.79,18.89,18.67,18.85,18.69,18.74
CES6562199003,27.94,27.59,28.08,28.24,28.26,28.25,28.44,28.45,28.55,28.81,29.18,29.00
CES6562200003,30.96,31.05,31.00,30.95,31.00,30.94,30.98,30.93,31.19,31.22,31.25,31.45
CES6562210003,31.25,31.32,31.28,31.23,31.25,31.17,31.21,31.16,31.44,31.45,31.48,31.71
CES6562220003,24.04,24.47,24.27,24.34,24.39,24.45,24.56,24.48,24.68,24.72,24.70,24.60
CES6562230003,29.46,29.38,29.56,29.31,30.02,30.10,30.15,29.99,30.16,30.26,30.75,30.71
CES6562300003,16.99,17.01,17.06,17.07,17.11,17.16,17.19,17.25,17.29,17.32,17.37,17.39
CES6562310003,17.84,17.86,17.95,17.97,18.02,18.09,18.10,18.20,18.27,18.27,18.33,18.36
CES6562320003,15.84,15.86,15.91,15.95,15.96,16.00,16.04,16.07,16.12,16.16,16.26,16.26
CES6562321003,14.61,14.66,14.69,14.72,14.76,14.81,14.88,14.89,14.89,14.88,15.04,15.07
CES6562322003,17.98,17.97,18.05,18.13,18.11,18.09,18.03,18.05,18.24,18.39,18.41,18.38
CES6562330003,16.13,16.14,16.17,16.16,16.17,16.21,16.24,16.32,16.31,16.36,16.38,16.40
CES6562331103,17.14,17.11,17.14,17.08,17.16,17.18,17.19,17.22,17.29,17.31,17.32,17.36
CES6562331203,14.94,14.99,15.02,15.05,15.02,15.11,15.15,15.24,15.24,15.32,15.33,15.34
CES6562390003,17.59,17.59,17.50,17.51,17.51,17.46,17.49,17.46,17.63,17.55,17.57,17.61
CES6562400003,15.75,15.76,15.78,15.86,15.88,15.91,15.95,15.96,16.06,16.18,16.06,16.14
CES6562410003,16.06,16.09,16.14,16.20,16.25,16.29,16.33,16.31,16.47,16.53,16.42,16.61
CES6562411003,20.55,20.44,20.59,20.69,20.89,20.90,21.13,21.13,21.31,21.44,21.28,21.57
CES6562412003,14.30,14.34,14.37,14.43,14.46,14.52,14.47,14.59,14.66,14.71,14.65,14.79
CES6562419003,20.13,20.12,20.25,20.36,20.38,20.41,20.46,20.43,20.52,20.70,20.49,20.69
CES6562420003,20.79,20.71,20.77,20.80,20.92,20.80,20.99,21.04,21.27,21.35,21.28,21.34
CES6562421003,20.81,20.75,21.04,20.75,20.88,20.88,20.92,21.12,21.38,21.38,21.10,21.20
CES6562423003,20.80,20.70,20.73,20.84,20.91,20.86,21.02,21.02,21.15,21.28,21.30,21.25
CES6562430003,15.99,15.89,15.87,15.86,15.87,15.80,15.75,15.74,15.81,15.86,15.85,15.84
CES6562440003,13.98,13.99,14.03,14.10,14.22,14.18,14.32,14.18,14.33,14.45,14.29,14.38
CES7000000003,14.60,14.61,14.68,14.76,14.81,14.84,14.90,14.94,15.01,15.05,15.06,15.12
CES7071000003,20.12,20.08,20.24,20.40,20.48,20.66,20.63,20.64,20.91,21.05,20.91,21.00
CES7071100003,29.64,29.06,29.21,29.27,29.68,30.34,29.96,29.94,31.09,31.08,31.17,31.21
CES7071110003,26.90,26.49,26.73,27.26,27.10,28.27,28.32,28.67,28.96,28.82,29.83,28.96
CES7071120003,31.42,30.48,30.48,30.61,31.89,32.49,32.79,33.02,34.18,33.89,33.88,33.67
CES7071130003,29.64,29.46,29.68,29.29,30.20,29.74,28.90,28.41,29.61,29.70,30.03,30.63
CES7071150003,30.52,30.22,30.06,30.12,29.73,30.15,29.51,29.47,30.18,31.19,30.80,30.85
CES7071200003,22.91,22.91,22.94,23.12,23.06,22.97,22.92,23.01,23.04,23.19,23.36,23.22
CES7071211003,24.45,24.32,24.05,24.45,24.48,24.34,24.23,24.32,24.31,24.57,25.03,24.81
CES7071219003,20.85,20.96,21.27,21.23,21.07,21.04,21.03,21.23,21.15,21.20,21.16,21.04
CES7071300003,16.67,16.77,16.89,17.00,17.04,17.11,17.13,17.22,17.31,17.36,17.33,17.44
CES7071310003,13.84,13.98,14.30,14.37,14.42,14.44,14.40,14.33,14.25,14.37,14.52,14.87
CES7071320003,18.09,18.03,18.09,18.28,18.43,18.51,18.54,18.78,18.73,18.91,18.96,19.24
CES7071321003,17.85,17.77,17.75,17.79,17.96,18.01,18.01,18.21,18.07,18.23,18.05,18.33
CES7071329003,18.54,18.67,18.96,19.32,19.40,19.28,19.64,19.94,20.02,20.17,20.75,21.24
CES7071390003,16.94,17.04,17.14,17.26,17.29,17.40,17.41,17.50,17.60,17.64,17.53,17.59
CES7071391003,18.00,17.99,18.03,18.17,18.23,18.28,18.33,18.42,18.42,18.46,18.32,18.40
CES7071392003,18.37,18.56,18.60,20.28,18.45,18.99,19.17,19.05,19.36,20.03,19.63,19.33
CES7071393003,19.97,20.36,20.43,20.53,20.63,20.82,21.42,21.58,22.74,22.86,22.32,22.29
CES7071394003,16.37,16.48,16.54,16.69,16.72,17.01,16.80,16.92,17.06,17.02,17.06,17.15
CES7071395003,13.47,13.63,13.69,13.67,13.60,13.39,13.59,13.62,13.59,13.80,13.66,13.83
CES7071399003,16.72,16.85,17.01,17.29,17.46,17.33,17.52,17.46,17.59,17.58,16.94,17.19
CES7072000003,13.72,13.75,13.81,13.87,13.93,13.94,14.01,14.05,14.10,14.13,14.16,14.22
CES7072100003,16.47,16.61,16.64,16.72,16.73,16.69,16.70,16.73,16.77,16.79,16.80,16.79
CES7072110003,16.50,16.64,16.67,16.75,16.77,16.74,16.75,16.76,16.82,16.85,16.85,16.85
CES7072111003,16.42,16.56,16.59,16.64,16.66,16.63,16.66,16.66,16.69,16.69,16.73,16.71
CES7072120003,15.80,15.81,15.89,15.88,15.81,15.40,15.76,16.07,15.74,15.75,15.39,15.27
CES7072200003,13.15,13.17,13.24,13.30,13.36,13.38,13.47,13.51,13.55,13.60,13.62,13.69
CES7072230003,17.06,16.86,16.94,17.06,17.02,16.98,17.17,17.33,17.20,17.11,17.08,17.00
CES7072231003,16.93,16.62,16.58,16.68,16.58,16.58,16.84,16.94,16.85,16.72,16.77,16.72
CES7072233003,17.65,17.69,18.05,18.31,18.17,18.11,18.23,18.49,18.24,18.21,18.03,18.01
CES7072240003,14.29,14.35,14.49,14.75,14.71,14.81,14.69,14.88,14.87,14.87,15.04,14.98
CES7072250003,12.85,12.87,12.94,13.00,13.06,13.09,13.18,13.20,13.25,13.31,13.33,13.42
CES7072251103,14.30,14.33,14.40,14.49,14.55,14.60,14.70,14.71,14.77,14.85,14.88,14.98
CES7072251303,11.13,11.16,11.21,11.25,11.32,11.32,11.39,11.44,11.48,11.53,11.56,11.64
CES7072251403,11.07,10.99,11.08,11.03,11.05,10.98,11.20,11.03,11.16,11.14,11.12,11.15
CES7072251503,12.22,12.24,12.29,12.29,12.34,12.39,12.41,12.45,12.46,12.51,12.49,12.52
CES8000000003,22.82,22.83,22.90,22.93,22.96,22.97,23.05,23.11,23.17,23.22,23.34,23.39
CES8081100003,21.15,21.02,21.18,21.21,21.17,21.23,21.35,21.38,21.40,21.53,21.66,21.67
CES8081110003,19.47,19.43,19.56,19.58,19.58,19.64,19.75,19.78,19.83,19.94,20.11,20.22
CES8081111003,20.33,20.37,20.41,20.40,20.44,20.62,20.89,20.94,20.86,20.90,21.13,21.23
CES8081111103,20.40,20.46,20.49,20.40,20.44,20.64,20.91,20.98,20.86,20.90,21.14,21.27
CES8081111803,20.19,20.03,20.08,20.88,20.67,21.10,21.20,20.74,20.77,20.95,20.87,20.85
CES8081112003,22.43,22.41,22.60,22.60,22.60,22.82,22.80,22.77,22.95,23.04,23.30,22.87
CES8081119003,13.64,13.66,13.72,13.85,13.70,13.66,13.70,13.69,13.68,13.80,13.81,14.39
CES8081119203,12.73,12.68,12.82,13.06,12.87,12.81,12.86,13.00,12.87,13.08,12.97,13.31
CES8081119803,15.00,15.20,15.13,15.09,15.06,15.04,15.11,14.74,14.98,14.99,15.03,16.08
CES8081120003,27.22,27.10,27.24,27.48,27.15,27.13,26.69,27.21,27.33,27.45,26.87,26.98
CES8081121203,26.63,26.09,26.41,26.53,26.33,26.16,25.81,26.59,26.80,27.68,26.85,27.16
CES8081121903,27.70,27.75,27.78,28.17,27.73,27.78,27.48,27.64,27.60,27.34,26.88,26.60
CES8081130003,25.58,25.48,25.69,25.60,25.72,25.83,25.83,25.95,25.95,26.12,26.33,25.95
CES8081140003,18.78,18.44,18.81,18.89,18.57,18.67,18.94,18.87,18.60,18.85,19.20,19.67
CES8081200003,16.91,17.00,17.01,17.01,17.05,17.05,17.12,17.16,17.20,17.26,17.23,17.15
CES8081210003,17.16,17.20,17.15,17.19,17.25,17.36,17.43,17.51,17.54,17.72,17.75,17.53
CES8081211003,16.72,16.71,16.64,16.66,16.67,16.77,16.76,16.85,16.94,17.08,16.93,16.81
CES8081211203,17.51,17.51,17.45,17.50,17.52,17.63,17.65,17.72,17.84,18.03,17.87,17.72
CES8081211303,12.67,12.66,12.65,12.60,12.73,12.76,12.59,12.92,12.81,12.86,12.69,12.87
CES8081219003,19.05,19.29,19.29,19.51,19.70,19.92,20.12,20.31,19.99,20.43,21.12,20.59
CES8081220003,22.21,22.37,22.94,22.77,22.84,22.54,22.66,22.92,23.36,23.52,23.00,23.36
CES8081221003,22.68,22.89,23.54,23.42,23.56,23.14,23.13,23.33,23.80,24.08,23.64,23.77
CES8081222003,21.00,20.98,20.88,20.97,21.06,21.21,21.21,21.24,21.89,21.43,21.38,21.80
CES8081230003,14.73,14.80,14.84,14.73,14.86,14.81,14.92,15.01,14.95,14.96,15.05,14.95
CES8081231003,13.67,13.61,13.46,13.41,13.66,13.73,13.94,14.02,14.04,13.84,13.58,13.38
CES8081232003,12.19,12.30,12.32,12.38,12.45,12.50,12.50,12.57,12.59,12.66,12.77,12.78
CES8081233003,17.26,17.21,17.27,17.07,17.21,17.13,17.23,17.20,17.13,17.12,17.21,17.14
CES8081290003,16.63,16.73,16.58,16.59,16.60,16.49,16.57,16.47,16.37,16.04,15.97,16.12
CES8081291003,15.39,15.34,15.40,15.25,15.22,15.24,15.22,15.37,15.41,15.06,15.07,15.23
CES8081293003,13.92,14.13,14.11,14.20,14.33,14.29,14.43,14.35,14.38,14.25,14.41,14.31
CES8081300003,26.33,26.37,26.46,26.55,26.59,26.58,26.72,26.72,26.82,26.94,26.97,27.09
CES8081320003,39.69,39.41,39.21,39.29,39.09,38.89,38.89,38.73,38.37,38.71,38.69,38.68
CES8081321103,45.66,45.19,44.83,44.85,44.70,44.06,44.54,44.10,43.32,44.05,44.14,44.04
CES8081321203,35.31,35.17,35.17,35.16,34.86,34.69,34.14,34.37,34.07,33.75,33.51,32.98
CES8081321903,27.91,28.06,28.11,27.97,27.93,28.39,28.22,28.23,28.06,28.34,28.45,28.92
CES8081330003,25.35,25.46,25.67,25.59,25.71,25.64,25.74,26.01,26.25,26.44,26.40,26.41
CES8081331103,24.02,24.08,24.50,24.10,24.15,24.04,23.95,24.53,24.76,25.16,24.59,24.66
CES8081331903,25.72,25.89,26.01,25.99,26.13,26.05,26.20,26.44,26.68,26.82,26.86,26.89
CES8081340003,18.43,18.52,18.54,18.60,18.53,18.51,18.57,18.60,18.78,18.82,18.99,19.18
CES8081390003,33.37,33.54,33.53,33.68,33.65,33.62,33.96,33.86,34.22,34.39,34.40,34.90
CES8081391003,37.30,37.39,37.39,37.81,37.87,37.30,38.13,37.85,38.00,38.27,38.46,38.66
CES8081392003,40.93,40.97,41.00,41.26,41.51,41.63,41.73,42.16,42.29,42.26,42.53,42.92
CES8081393003,38.98,39.69,38.93,39.01,38.96,39.05,39.51,39.35,39.75,39.66,40.12,40.80
CES8081399003,21.56,21.74,21.96,22.05,22.00,22.26,22.35,22.11,22.47,22.77,22.66,22.64
